Route_ID,Origin,Destination,Vehicle_Type,Weather_Condition,Traffic_Density
RT-6cc3cf8613,Adana,Ankara,Diesel Truck,Normal,Medium
RT-a47602c96f,Adana,Ankara,Diesel Truck,Rain,High
RT-9b2391e870,Adana,Ankara,Diesel Truck,Snow,High
RT-508e1347b2,Adana,Ankara,Electric Semi,Normal,Medium
RT-2a1bb7a0c6,Adana,Ankara,Electric Semi,Snow,Low
RT-fd4e1dee31,Adana,Ankara,Hybrid Van,Rain,Medium
RT-312363737a,Adana,Antalya,Diesel Truck,Normal,High
RT-960e12bbff,Adana,Antalya,Diesel Truck,Normal,Low
RT-68a5ff677e,Adana,Antalya,Diesel Truck,Rain,Medium
RT-a51548469b,Adana,Antalya,Hybrid Van,Normal,High
RT-5a2279e555,Adana,Bursa,Diesel Truck,Normal,High
RT-3fe18ccb7a,Adana,Bursa,Diesel Truck,Normal,Medium
RT-56316c6bdd,Adana,Bursa,Hybrid Van,Storm,Low
RT-10260dd836,Adana,Denizli,Diesel Truck,Rain,Medium
RT-c0435218d0,Adana,Denizli,Electric Semi,Normal,High
RT-24da1972f6,Adana,Denizli,Electric Semi,Rain,High
RT-4d42b2f12e,Adana,Denizli,Electric Semi,Rain,Medium
RT-e2d512a375,Adana,Denizli,Hybrid Van,Normal,Medium
RT-fa4bf2e3fe,Adana,Erzurum,Diesel Truck,Normal,Low
RT-6e6b847c8a,Adana,Erzurum,Diesel Truck,Rain,High
RT-abe7261dd9,Adana,Erzurum,Diesel Truck,Rain,Medium
RT-6aceb6cbd3,Adana,Erzurum,Hybrid Van,Rain,High
RT-b766428347,Adana,Eskisehir,Diesel Truck,Storm,High
RT-f5bd640d2d,Adana,Gaziantep,Diesel Truck,Normal,Low
RT-fe09857716,Adana,Gaziantep,Diesel Truck,Rain,Medium
RT-28f054ef17,Adana,Gaziantep,Diesel Truck,Storm,High
RT-7fec055bf1,Adana,Gaziantep,Electric Semi,Normal,High
RT-5b8e3be951,Adana,Gaziantep,Electric Semi,Normal,Medium
RT-61ce102a0d,Adana,Gaziantep,Electric Semi,Rain,High
RT-7d06c106df,Adana,Gaziantep,Hybrid Van,Normal,High
RT-15ffb89306,Adana,Gaziantep,Hybrid Van,Normal,Low
RT-f63ee76d27,Adana,Gaziantep,Hybrid Van,Rain,High
RT-d632929be4,Adana,Istanbul,Diesel Truck,Normal,Low
RT-34963c7f79,Adana,Istanbul,Diesel Truck,Snow,Low
RT-5ed6459eb7,Adana,Istanbul,Diesel Truck,Snow,Medium
RT-b21569e990,Adana,Izmir,Diesel Truck,Normal,Medium
RT-f929b0af6c,Adana,Izmir,Diesel Truck,Rain,Low
RT-592c48b70e,Adana,Izmir,Diesel Truck,Snow,High
RT-4fc7b194fb,Adana,Izmir,Diesel Truck,Snow,Low
RT-1641c94112,Adana,Izmir,Diesel Truck,Storm,High
RT-65e3d4df84,Adana,Izmir,Diesel Truck,Storm,Low
RT-8eb681d955,Adana,Kayseri,Diesel Truck,Normal,Low
RT-388db6a97e,Adana,Kayseri,Diesel Truck,Rain,Medium
RT-08773f5479,Adana,Kayseri,Electric Semi,Normal,High
RT-79d96b20b0,Adana,Kayseri,Electric Semi,Normal,Low
RT-41e5434825,Adana,Kayseri,Hybrid Van,Normal,Medium
RT-eceace9172,Adana,Kayseri,Hybrid Van,Snow,High
RT-f54bf3d695,Adana,Kayseri,Hybrid Van,Storm,Low
RT-e0e7b8fa2a,Adana,Kocaeli,Diesel Truck,Snow,Medium
RT-57b6add233,Adana,Kocaeli,Hybrid Van,Normal,High
RT-f024eb5155,Adana,Kocaeli,Hybrid Van,Rain,Medium
RT-e0ef4e6f4a,Adana,Konya,Diesel Truck,Snow,Medium
RT-8d901cb045,Adana,Konya,Electric Semi,Normal,High
RT-5097417994,Adana,Konya,Hybrid Van,Normal,High
RT-9aad9a8eea,Adana,Konya,Hybrid Van,Snow,High
RT-3235e4c6b0,Adana,Malatya,Electric Semi,Snow,Low
RT-e3e5dc252b,Adana,Mersin,Diesel Truck,Normal,Low
RT-7f16e4f8af,Adana,Mersin,Diesel Truck,Normal,Medium
RT-7ddc6d8af5,Adana,Mersin,Diesel Truck,Rain,High
RT-e3c6dbe9ec,Adana,Mersin,Diesel Truck,Rain,Low
RT-6de847c8fe,Adana,Sakarya,Diesel Truck,Normal,High
RT-6c0665e223,Adana,Sakarya,Electric Semi,Rain,High
RT-ccf91d4498,Adana,Samsun,Diesel Truck,Normal,Medium
RT-995ac5a68e,Adana,Samsun,Diesel Truck,Rain,High
RT-db3e5109b6,Adana,Samsun,Electric Semi,Normal,High
RT-f39aab646f,Adana,Samsun,Hybrid Van,Normal,Medium
RT-4057ed38bd,Adana,Samsun,Hybrid Van,Rain,Low
RT-09895f6f22,Adana,Trabzon,Electric Semi,Normal,Low
RT-f8adc06dfa,Adana,Van,Diesel Truck,Rain,Low
RT-448d079a8d,Adana,Van,Electric Semi,Normal,Low
RT-f5eedadaa2,Adana,Van,Electric Semi,Normal,Medium
RT-44c157a309,Adana,Van,Electric Semi,Rain,Low
RT-68a550e28c,Adana,Van,Hybrid Van,Normal,Low
RT-8feaac66a0,Adana,Van,Hybrid Van,Normal,Medium
RT-aec163fafe,Ankara,Adana,Diesel Truck,Normal,High
RT-4c7e2446c0,Ankara,Adana,Electric Semi,Rain,Medium
RT-146bc4a595,Ankara,Antalya,Diesel Truck,Normal,Low
RT-6e9b960a01,Ankara,Antalya,Diesel Truck,Normal,Medium
RT-b8ff020940,Ankara,Antalya,Electric Semi,Normal,Low
RT-371cfe68b2,Ankara,Antalya,Hybrid Van,Normal,Low
RT-b8f33f391f,Ankara,Bursa,Diesel Truck,Normal,Medium
RT-f4782c3e41,Ankara,Bursa,Hybrid Van,Storm,Medium
RT-c85fce42ec,Ankara,Denizli,Electric Semi,Rain,Medium
RT-14a9b41c7f,Ankara,Denizli,Hybrid Van,Normal,Medium
RT-ff84c0017c,Ankara,Diyarbakir,Diesel Truck,Normal,High
RT-36edc3a166,Ankara,Diyarbakir,Diesel Truck,Normal,Low
RT-ef2d5d6a9c,Ankara,Diyarbakir,Diesel Truck,Normal,Medium
RT-6e8bae5933,Ankara,Diyarbakir,Diesel Truck,Rain,High
RT-5b84fa1217,Ankara,Diyarbakir,Diesel Truck,Rain,Medium
RT-3b3bb9ff11,Ankara,Diyarbakir,Hybrid Van,Normal,Low
RT-be5e0b48ad,Ankara,Diyarbakir,Hybrid Van,Snow,High
RT-9276e499ce,Ankara,Erzurum,Diesel Truck,Normal,High
RT-e5b3697359,Ankara,Erzurum,Diesel Truck,Normal,Low
RT-eb765eec74,Ankara,Erzurum,Electric Semi,Rain,High
RT-ebb1194f2e,Ankara,Eskisehir,Diesel Truck,Normal,Medium
RT-fa7666f7f9,Ankara,Gaziantep,Diesel Truck,Normal,High
RT-ca14637242,Ankara,Gaziantep,Diesel Truck,Normal,Medium
RT-f1b2c6a5fd,Ankara,Gaziantep,Diesel Truck,Rain,High
RT-13746d025e,Ankara,Gaziantep,Electric Semi,Normal,Medium
RT-1afc27f37b,Ankara,Istanbul,Diesel Truck,Normal,Medium
RT-fd7beafa2a,Ankara,Istanbul,Diesel Truck,Snow,Low
RT-2703b94a67,Ankara,Istanbul,Diesel Truck,Storm,Medium
RT-554d9d71bb,Ankara,Istanbul,Hybrid Van,Normal,High
RT-f56049e26b,Ankara,Izmir,Diesel Truck,Normal,Medium
RT-c616721880,Ankara,Izmir,Electric Semi,Rain,High
RT-b55a54987b,Ankara,Izmir,Hybrid Van,Storm,High
RT-1481d34cd2,Ankara,Kayseri,Diesel Truck,Normal,Medium
RT-758c374be8,Ankara,Kayseri,Diesel Truck,Rain,Medium
RT-f28dc045ce,Ankara,Kayseri,Diesel Truck,Storm,Low
RT-d030497363,Ankara,Kayseri,Hybrid Van,Rain,Low
RT-934e69164e,Ankara,Kayseri,Hybrid Van,Snow,Low
RT-c6f2ca1e1c,Ankara,Kocaeli,Diesel Truck,Rain,Low
RT-906a485537,Ankara,Kocaeli,Electric Semi,Normal,Medium
RT-2d0603d9ab,Ankara,Kocaeli,Electric Semi,Storm,Low
RT-eb5c988023,Ankara,Konya,Diesel Truck,Normal,Medium
RT-e6058d2b8d,Ankara,Konya,Diesel Truck,Snow,Medium
RT-75124a7cc2,Ankara,Konya,Hybrid Van,Normal,Low
RT-1077708bdb,Ankara,Konya,Hybrid Van,Storm,Medium
RT-64864d4234,Ankara,Malatya,Diesel Truck,Normal,Medium
RT-ba75a214a0,Ankara,Malatya,Diesel Truck,Rain,Low
RT-175195b134,Ankara,Malatya,Diesel Truck,Rain,Medium
RT-a67b6ad774,Ankara,Malatya,Electric Semi,Normal,Low
RT-3b14f84399,Ankara,Malatya,Hybrid Van,Normal,High
RT-5094289c01,Ankara,Mersin,Diesel Truck,Rain,Medium
RT-1179347de5,Ankara,Mersin,Diesel Truck,Storm,Medium
RT-cf195a5e99,Ankara,Sakarya,Diesel Truck,Normal,High
RT-65a3fe1279,Ankara,Sakarya,Hybrid Van,Normal,Low
RT-299179e4df,Ankara,Sakarya,Hybrid Van,Rain,High
RT-7cb763ac9f,Ankara,Samsun,Diesel Truck,Normal,Low
RT-9960532718,Ankara,Samsun,Electric Semi,Snow,Medium
RT-6e834a7dd7,Ankara,Trabzon,Diesel Truck,Normal,High
RT-cdc493fbd3,Ankara,Trabzon,Diesel Truck,Normal,Low
RT-9302df7119,Ankara,Trabzon,Diesel Truck,Snow,High
RT-7fe4958865,Ankara,Trabzon,Electric Semi,Normal,Low
RT-688cc46603,Ankara,Trabzon,Electric Semi,Rain,Medium
RT-673c738a9f,Ankara,Trabzon,Hybrid Van,Rain,High
RT-dd8fafb807,Ankara,Van,Diesel Truck,Normal,Medium
RT-518c8280fe,Ankara,Van,Diesel Truck,Rain,Medium
RT-d02fb41994,Ankara,Van,Hybrid Van,Normal,Medium
RT-a751dc76fc,Antalya,Adana,Diesel Truck,Normal,Low
RT-33bcb8a39c,Antalya,Adana,Diesel Truck,Rain,Medium
RT-c827b70c35,Antalya,Adana,Hybrid Van,Normal,Medium
RT-d71f9c3b01,Antalya,Adana,Hybrid Van,Rain,Low
RT-ae2cae25af,Antalya,Adana,Hybrid Van,Snow,High
RT-895240a09a,Antalya,Adana,Hybrid Van,Storm,High
RT-14c20ef145,Antalya,Ankara,Diesel Truck,Normal,High
RT-7809805ea1,Antalya,Ankara,Diesel Truck,Normal,Medium
RT-a7793051a4,Antalya,Ankara,Diesel Truck,Snow,Low
RT-24c33c4986,Antalya,Ankara,Electric Semi,Snow,High
RT-9b39415497,Antalya,Ankara,Hybrid Van,Normal,Medium
RT-bff010e57b,Antalya,Bursa,Diesel Truck,Normal,High
RT-0568858818,Antalya,Bursa,Diesel Truck,Normal,Medium
RT-fbdd79be76,Antalya,Diyarbakir,Diesel Truck,Normal,High
RT-b5e348dafa,Antalya,Diyarbakir,Diesel Truck,Normal,Low
RT-14155fe15d,Antalya,Diyarbakir,Diesel Truck,Normal,Medium
RT-37f59d5282,Antalya,Diyarbakir,Diesel Truck,Rain,High
RT-ba6cec2226,Antalya,Diyarbakir,Diesel Truck,Rain,Low
RT-f537903cad,Antalya,Diyarbakir,Diesel Truck,Rain,Medium
RT-759b644c2d,Antalya,Diyarbakir,Hybrid Van,Normal,Medium
RT-364fa0c8b8,Antalya,Diyarbakir,Hybrid Van,Snow,High
RT-bafade67a8,Antalya,Erzurum,Diesel Truck,Normal,High
RT-afadfb1ad9,Antalya,Erzurum,Diesel Truck,Normal,Medium
RT-e3767b7514,Antalya,Erzurum,Diesel Truck,Rain,High
RT-8eca020546,Antalya,Erzurum,Electric Semi,Normal,Low
RT-4996d9b85d,Antalya,Eskisehir,Diesel Truck,Normal,High
RT-b4cd50d898,Antalya,Eskisehir,Electric Semi,Normal,Low
RT-c18066771f,Antalya,Gaziantep,Diesel Truck,Normal,Low
RT-fdc2914740,Antalya,Gaziantep,Diesel Truck,Rain,Medium
RT-a5c9773ea8,Antalya,Gaziantep,Electric Semi,Normal,Medium
RT-beb841bea7,Antalya,Gaziantep,Hybrid Van,Normal,High
RT-946062dcbc,Antalya,Istanbul,Diesel Truck,Normal,Medium
RT-a24c24de14,Antalya,Istanbul,Diesel Truck,Rain,Low
RT-3861c0a018,Antalya,Istanbul,Diesel Truck,Snow,Low
RT-40725a087a,Antalya,Izmir,Diesel Truck,Normal,Low
RT-af9ef053a6,Antalya,Izmir,Diesel Truck,Snow,High
RT-b31793d571,Antalya,Izmir,Hybrid Van,Storm,Medium
RT-94e8673041,Antalya,Kayseri,Electric Semi,Normal,Medium
RT-d0e93b572b,Antalya,Kayseri,Electric Semi,Snow,High
RT-6ed777c7a3,Antalya,Kayseri,Hybrid Van,Normal,High
RT-34f3346000,Antalya,Kayseri,Hybrid Van,Normal,Medium
RT-82c3758918,Antalya,Kocaeli,Diesel Truck,Normal,High
RT-831554929d,Antalya,Kocaeli,Diesel Truck,Rain,Medium
RT-08bbcba784,Antalya,Kocaeli,Hybrid Van,Rain,Medium
RT-59ee8d4d07,Antalya,Kocaeli,Hybrid Van,Snow,Low
RT-8b05e51eae,Antalya,Kocaeli,Hybrid Van,Storm,Medium
RT-39575cc5d7,Antalya,Konya,Diesel Truck,Rain,Medium
RT-3729ca84b0,Antalya,Malatya,Diesel Truck,Normal,Low
RT-e831ac5d70,Antalya,Malatya,Diesel Truck,Normal,Medium
RT-2cba50315a,Antalya,Malatya,Diesel Truck,Snow,High
RT-e968bceedd,Antalya,Malatya,Diesel Truck,Storm,Medium
RT-65ccf4e644,Antalya,Mersin,Diesel Truck,Rain,High
RT-a490a68601,Antalya,Mersin,Diesel Truck,Snow,Medium
RT-ec47a39cc1,Antalya,Mersin,Hybrid Van,Snow,High
RT-25435b3bad,Antalya,Sakarya,Diesel Truck,Storm,High
RT-f3c4bb246e,Antalya,Sakarya,Electric Semi,Rain,Low
RT-2f22e0939b,Antalya,Sakarya,Hybrid Van,Normal,Low
RT-c5b0b85bd5,Antalya,Samsun,Diesel Truck,Normal,Low
RT-18b4340c58,Antalya,Samsun,Electric Semi,Normal,Low
RT-00c0207aff,Antalya,Samsun,Electric Semi,Normal,Medium
RT-ea1a3bcb3d,Antalya,Samsun,Hybrid Van,Rain,High
RT-99094c07ca,Antalya,Trabzon,Diesel Truck,Normal,High
RT-6c9c9cbd78,Antalya,Trabzon,Diesel Truck,Normal,Low
RT-a65f3b1bb5,Antalya,Trabzon,Diesel Truck,Storm,Medium
RT-6a1efcdf1e,Antalya,Trabzon,Electric Semi,Normal,High
RT-4f4db3f0ab,Antalya,Trabzon,Electric Semi,Normal,Medium
RT-c867cd2e41,Antalya,Trabzon,Hybrid Van,Rain,Low
RT-d348f03fb7,Antalya,Van,Diesel Truck,Normal,Medium
RT-57adfa063a,Antalya,Van,Diesel Truck,Snow,Low
RT-761c3198d4,Antalya,Van,Diesel Truck,Storm,Low
RT-909d93b39f,Antalya,Van,Diesel Truck,Storm,Medium
RT-48dd811611,Bursa,Adana,Diesel Truck,Normal,Medium
RT-6438d63749,Bursa,Adana,Hybrid Van,Snow,Low
RT-259204108a,Bursa,Ankara,Diesel Truck,Normal,Medium
RT-4ae2e56113,Bursa,Ankara,Electric Semi,Normal,High
RT-23ab4b2e00,Bursa,Ankara,Electric Semi,Normal,Medium
RT-e11508720a,Bursa,Ankara,Hybrid Van,Snow,Low
RT-6f0c182f8c,Bursa,Antalya,Diesel Truck,Storm,Medium
RT-10c7308a3d,Bursa,Antalya,Electric Semi,Normal,Medium
RT-fb23ffdb08,Bursa,Antalya,Hybrid Van,Rain,Low
RT-529fa26ec6,Bursa,Denizli,Diesel Truck,Normal,High
RT-2940b0f930,Bursa,Denizli,Diesel Truck,Normal,Low
RT-9b8b8c02d1,Bursa,Denizli,Diesel Truck,Snow,Low
RT-5a17f43549,Bursa,Denizli,Electric Semi,Normal,High
RT-a84323033b,Bursa,Diyarbakir,Diesel Truck,Normal,Low
RT-91b348424c,Bursa,Diyarbakir,Diesel Truck,Normal,Medium
RT-33ee3b1c8e,Bursa,Diyarbakir,Diesel Truck,Rain,High
RT-59aa696475,Bursa,Diyarbakir,Hybrid Van,Normal,Medium
RT-3adf01d4cb,Bursa,Erzurum,Diesel Truck,Normal,High
RT-b4df01e127,Bursa,Erzurum,Diesel Truck,Normal,Low
RT-db36beed80,Bursa,Erzurum,Diesel Truck,Rain,Low
RT-0aefe18063,Bursa,Eskisehir,Diesel Truck,Rain,Medium
RT-4922c0515d,Bursa,Eskisehir,Diesel Truck,Snow,High
RT-217940d572,Bursa,Eskisehir,Hybrid Van,Normal,High
RT-a6f68a12d3,Bursa,Eskisehir,Hybrid Van,Normal,Low
RT-0a62b6b5c7,Bursa,Gaziantep,Diesel Truck,Normal,Low
RT-ff1182c506,Bursa,Gaziantep,Diesel Truck,Rain,High
RT-67521e8d13,Bursa,Gaziantep,Diesel Truck,Rain,Medium
RT-07fd90bd84,Bursa,Gaziantep,Electric Semi,Rain,Low
RT-082c5bcfb4,Bursa,Istanbul,Diesel Truck,Rain,Low
RT-b66a61d7ad,Bursa,Istanbul,Diesel Truck,Storm,High
RT-15926d52e4,Bursa,Istanbul,Diesel Truck,Storm,Medium
RT-165deb2992,Bursa,Izmir,Diesel Truck,Normal,Medium
RT-00b10c8d89,Bursa,Izmir,Diesel Truck,Rain,Medium
RT-6369e3f74b,Bursa,Izmir,Electric Semi,Storm,Medium
RT-9972648b45,Bursa,Kayseri,Diesel Truck,Normal,Medium
RT-432ea48708,Bursa,Kayseri,Electric Semi,Normal,Low
RT-7e47fe4458,Bursa,Kayseri,Hybrid Van,Rain,Medium
RT-c21956a0a9,Bursa,Kocaeli,Diesel Truck,Normal,Low
RT-dd5fe68896,Bursa,Kocaeli,Electric Semi,Normal,High
RT-c75d60167b,Bursa,Kocaeli,Electric Semi,Normal,Medium
RT-b3421a7a53,Bursa,Kocaeli,Electric Semi,Snow,Low
RT-d3dae2916b,Bursa,Kocaeli,Hybrid Van,Normal,Medium
RT-16d64e8459,Bursa,Kocaeli,Hybrid Van,Snow,Low
RT-06226ba97b,Bursa,Konya,Diesel Truck,Normal,Low
RT-51fc6badae,Bursa,Konya,Diesel Truck,Rain,Low
RT-eb16fe6972,Bursa,Konya,Diesel Truck,Rain,Medium
RT-6018e86fbd,Bursa,Konya,Hybrid Van,Rain,Medium
RT-c158863c9a,Bursa,Malatya,Diesel Truck,Normal,High
RT-6cc9f25e9e,Bursa,Malatya,Diesel Truck,Normal,Medium
RT-94f1ce6df2,Bursa,Malatya,Diesel Truck,Snow,High
RT-3134a7ae3f,Bursa,Malatya,Diesel Truck,Snow,Medium
RT-df0bac24cb,Bursa,Mersin,Diesel Truck,Normal,Medium
RT-b089f4322e,Bursa,Mersin,Electric Semi,Normal,High
RT-232f640f0a,Bursa,Mersin,Hybrid Van,Normal,Medium
RT-6f82a2c186,Bursa,Sakarya,Diesel Truck,Normal,High
RT-41b843d8ab,Bursa,Sakarya,Diesel Truck,Rain,Medium
RT-5abe5b9f02,Bursa,Samsun,Diesel Truck,Normal,Low
RT-a004c18a93,Bursa,Samsun,Diesel Truck,Normal,Medium
RT-07086fbdab,Bursa,Samsun,Diesel Truck,Rain,Low
RT-76e4b84451,Bursa,Samsun,Diesel Truck,Rain,Medium
RT-d6dd2ddec2,Bursa,Samsun,Diesel Truck,Snow,Medium
RT-7f5744318c,Bursa,Samsun,Electric Semi,Normal,Low
RT-eccf008620,Bursa,Trabzon,Diesel Truck,Normal,Low
RT-a80a10c160,Bursa,Trabzon,Diesel Truck,Normal,Medium
RT-b8468563de,Bursa,Trabzon,Diesel Truck,Rain,Low
RT-45e52bee41,Bursa,Trabzon,Electric Semi,Normal,Low
RT-5bc709dbc8,Bursa,Van,Diesel Truck,Normal,Low
RT-eee783d6d0,Bursa,Van,Diesel Truck,Normal,Medium
RT-4030b8e5e1,Bursa,Van,Diesel Truck,Snow,Medium
RT-5f92a67d69,Denizli,Adana,Diesel Truck,Rain,High
RT-7a1aaaf9d2,Denizli,Adana,Electric Semi,Snow,Medium
RT-1e0fd2d51e,Denizli,Ankara,Electric Semi,Normal,Low
RT-86e287228b,Denizli,Ankara,Electric Semi,Rain,Low
RT-19f83e0e31,Denizli,Antalya,Diesel Truck,Normal,Low
RT-a9c48ea86d,Denizli,Antalya,Diesel Truck,Normal,Medium
RT-db5057c749,Denizli,Antalya,Hybrid Van,Normal,Low
RT-8575ec8e83,Denizli,Bursa,Diesel Truck,Rain,High
RT-13cdaa592c,Denizli,Bursa,Electric Semi,Normal,Low
RT-b577cb02b7,Denizli,Bursa,Electric Semi,Rain,High
RT-43fd62de5a,Denizli,Bursa,Hybrid Van,Normal,High
RT-1380c84732,Denizli,Bursa,Hybrid Van,Snow,Low
RT-eaa911cd58,Denizli,Diyarbakir,Diesel Truck,Rain,Low
RT-e60ef1da39,Denizli,Diyarbakir,Electric Semi,Normal,High
RT-7bccf9bf80,Denizli,Diyarbakir,Electric Semi,Rain,Medium
RT-5e07b5aa1a,Denizli,Diyarbakir,Hybrid Van,Normal,High
RT-30b0e87356,Denizli,Diyarbakir,Hybrid Van,Normal,Low
RT-9fa87092e7,Denizli,Diyarbakir,Hybrid Van,Normal,Medium
RT-3afc1530c5,Denizli,Erzurum,Diesel Truck,Normal,High
RT-d518177a97,Denizli,Erzurum,Diesel Truck,Normal,Medium
RT-09e344142a,Denizli,Erzurum,Electric Semi,Normal,High
RT-26a8aeb5e1,Denizli,Erzurum,Hybrid Van,Rain,Low
RT-90e68f2bc1,Denizli,Eskisehir,Diesel Truck,Normal,Medium
RT-fecd1750e7,Denizli,Eskisehir,Electric Semi,Normal,Medium
RT-eb01e1c30d,Denizli,Eskisehir,Electric Semi,Rain,Medium
RT-7b3e58cb85,Denizli,Eskisehir,Hybrid Van,Normal,Low
RT-19c0ca5c4f,Denizli,Eskisehir,Hybrid Van,Snow,Low
RT-8ea2b189cc,Denizli,Gaziantep,Diesel Truck,Rain,Medium
RT-1243ec0c65,Denizli,Gaziantep,Electric Semi,Rain,Medium
RT-7c1e6ebe66,Denizli,Gaziantep,Hybrid Van,Rain,Low
RT-2f3719d668,Denizli,Istanbul,Diesel Truck,Normal,Low
RT-933c651260,Denizli,Istanbul,Diesel Truck,Snow,Low
RT-49854ce249,Denizli,Izmir,Diesel Truck,Normal,High
RT-7405317c38,Denizli,Izmir,Diesel Truck,Rain,Medium
RT-11f4101519,Denizli,Izmir,Hybrid Van,Normal,Medium
RT-3a1f22c08b,Denizli,Izmir,Hybrid Van,Storm,High
RT-7cc0e3d7af,Denizli,Kayseri,Diesel Truck,Normal,High
RT-911a576e56,Denizli,Kayseri,Diesel Truck,Rain,Low
RT-cbb1c87aac,Denizli,Kayseri,Electric Semi,Normal,Medium
RT-08fcdc4b94,Denizli,Kayseri,Hybrid Van,Normal,Low
RT-a3e94724e7,Denizli,Kocaeli,Electric Semi,Normal,Low
RT-951e5184b1,Denizli,Konya,Diesel Truck,Normal,High
RT-0dbedfa903,Denizli,Konya,Diesel Truck,Rain,High
RT-0bf928786d,Denizli,Konya,Diesel Truck,Storm,High
RT-1e191121fe,Denizli,Konya,Hybrid Van,Normal,Medium
RT-26bd1c459e,Denizli,Konya,Hybrid Van,Storm,High
RT-6d84f4d3ee,Denizli,Malatya,Diesel Truck,Rain,Medium
RT-9f57bfb3f2,Denizli,Malatya,Electric Semi,Normal,Low
RT-84a62bbcb0,Denizli,Malatya,Electric Semi,Normal,Medium
RT-77aa52405d,Denizli,Mersin,Diesel Truck,Normal,High
RT-7aaca32ee6,Denizli,Mersin,Diesel Truck,Snow,Low
RT-456459fc0c,Denizli,Mersin,Diesel Truck,Snow,Medium
RT-57c659a6cf,Denizli,Sakarya,Diesel Truck,Storm,Low
RT-f42f69ad5c,Denizli,Sakarya,Diesel Truck,Storm,Medium
RT-5529556968,Denizli,Samsun,Diesel Truck,Rain,High
RT-3f6927c802,Denizli,Samsun,Hybrid Van,Snow,Low
RT-8716c2e6d2,Denizli,Trabzon,Diesel Truck,Normal,Low
RT-2eb8287aad,Denizli,Trabzon,Diesel Truck,Snow,Medium
RT-c930d10a62,Denizli,Trabzon,Electric Semi,Normal,High
RT-6f93dc2f02,Denizli,Trabzon,Hybrid Van,Normal,Low
RT-2de46e301e,Denizli,Trabzon,Hybrid Van,Normal,Medium
RT-0004cf6c4f,Denizli,Van,Diesel Truck,Normal,High
RT-82cde61c0a,Denizli,Van,Diesel Truck,Normal,Low
RT-7ff690f4ee,Denizli,Van,Diesel Truck,Normal,Medium
RT-e87faaf704,Denizli,Van,Diesel Truck,Snow,Medium
RT-470faaabd9,Denizli,Van,Electric Semi,Normal,Low
RT-6aaead2aa2,Diyarbakir,Adana,Diesel Truck,Normal,Low
RT-073cafda63,Diyarbakir,Adana,Diesel Truck,Snow,Low
RT-37a0e37fc7,Diyarbakir,Adana,Hybrid Van,Normal,Low
RT-764b938ef3,Diyarbakir,Ankara,Diesel Truck,Normal,Medium
RT-64fe824941,Diyarbakir,Ankara,Hybrid Van,Normal,Medium
RT-f5f08d5dae,Diyarbakir,Ankara,Hybrid Van,Snow,Medium
RT-92623cd039,Diyarbakir,Antalya,Diesel Truck,Normal,High
RT-647268deea,Diyarbakir,Antalya,Diesel Truck,Normal,Medium
RT-b20f1b84cb,Diyarbakir,Antalya,Diesel Truck,Rain,High
RT-4c8690ff17,Diyarbakir,Antalya,Diesel Truck,Rain,Medium
RT-da899f0248,Diyarbakir,Antalya,Electric Semi,Rain,Medium
RT-59bbe46d26,Diyarbakir,Antalya,Hybrid Van,Snow,Medium
RT-eeca7b929a,Diyarbakir,Bursa,Diesel Truck,Normal,High
RT-4c787b2745,Diyarbakir,Bursa,Diesel Truck,Normal,Low
RT-545216d625,Diyarbakir,Bursa,Electric Semi,Rain,Low
RT-6def8500f8,Diyarbakir,Bursa,Hybrid Van,Normal,Low
RT-bc511b7a16,Diyarbakir,Denizli,Diesel Truck,Normal,High
RT-af76a46827,Diyarbakir,Denizli,Diesel Truck,Normal,Medium
RT-5d86053292,Diyarbakir,Denizli,Diesel Truck,Rain,High
RT-c23f8637a0,Diyarbakir,Denizli,Diesel Truck,Rain,Medium
RT-b43e9486fe,Diyarbakir,Erzurum,Diesel Truck,Normal,Medium
RT-a1ccd306c3,Diyarbakir,Erzurum,Diesel Truck,Storm,Medium
RT-3b5f662070,Diyarbakir,Eskisehir,Diesel Truck,Normal,Medium
RT-5ebf9a16c2,Diyarbakir,Eskisehir,Diesel Truck,Rain,Low
RT-aec99a4010,Diyarbakir,Gaziantep,Diesel Truck,Normal,Low
RT-eb1993d2d1,Diyarbakir,Gaziantep,Diesel Truck,Normal,Medium
RT-2a8fcef238,Diyarbakir,Gaziantep,Diesel Truck,Rain,High
RT-dce272c8dc,Diyarbakir,Gaziantep,Diesel Truck,Rain,Medium
RT-182deaa221,Diyarbakir,Gaziantep,Hybrid Van,Normal,Medium
RT-9cf098a464,Diyarbakir,Istanbul,Diesel Truck,Normal,High
RT-3f77d08fd6,Diyarbakir,Istanbul,Diesel Truck,Snow,Medium
RT-886f2a46fc,Diyarbakir,Istanbul,Diesel Truck,Storm,Medium
RT-a099a09200,Diyarbakir,Istanbul,Electric Semi,Normal,High
RT-12d4b87d6d,Diyarbakir,Izmir,Diesel Truck,Normal,Low
RT-c0e8697718,Diyarbakir,Izmir,Diesel Truck,Rain,High
RT-0594fb5ec7,Diyarbakir,Izmir,Diesel Truck,Storm,High
RT-1a71a67d27,Diyarbakir,Izmir,Hybrid Van,Normal,High
RT-9dd1ac128e,Diyarbakir,Izmir,Hybrid Van,Normal,Low
RT-f471c1e46a,Diyarbakir,Kayseri,Diesel Truck,Normal,Low
RT-03279728fb,Diyarbakir,Kayseri,Electric Semi,Normal,Medium
RT-2dc4d2f9e5,Diyarbakir,Kayseri,Electric Semi,Snow,Medium
RT-faede84dad,Diyarbakir,Kayseri,Hybrid Van,Normal,Medium
RT-a5a01cf17c,Diyarbakir,Kocaeli,Diesel Truck,Normal,Low
RT-8858e774cf,Diyarbakir,Konya,Diesel Truck,Normal,Low
RT-4063ffcc66,Diyarbakir,Konya,Diesel Truck,Normal,Medium
RT-f2019f047e,Diyarbakir,Konya,Diesel Truck,Rain,Medium
RT-21bcdcf849,Diyarbakir,Konya,Hybrid Van,Normal,Medium
RT-0d98303018,Diyarbakir,Konya,Hybrid Van,Rain,Low
RT-e1a20865a4,Diyarbakir,Konya,Hybrid Van,Storm,Medium
RT-f6635ac2b4,Diyarbakir,Malatya,Electric Semi,Normal,Medium
RT-7c457f6b4c,Diyarbakir,Malatya,Electric Semi,Snow,Low
RT-b48d893c39,Diyarbakir,Malatya,Hybrid Van,Normal,High
RT-11644546be,Diyarbakir,Mersin,Diesel Truck,Normal,Low
RT-628fd211f3,Diyarbakir,Mersin,Diesel Truck,Normal,Medium
RT-104ad7828c,Diyarbakir,Mersin,Electric Semi,Normal,Medium
RT-48836ae32b,Diyarbakir,Mersin,Electric Semi,Storm,Medium
RT-bf85025606,Diyarbakir,Mersin,Hybrid Van,Snow,High
RT-3fa65eb4ee,Diyarbakir,Sakarya,Diesel Truck,Normal,High
RT-748c8deea2,Diyarbakir,Sakarya,Diesel Truck,Normal,Medium
RT-37a14365d7,Diyarbakir,Sakarya,Diesel Truck,Rain,High
RT-8465aae018,Diyarbakir,Sakarya,Diesel Truck,Snow,High
RT-f242da0ba0,Diyarbakir,Sakarya,Hybrid Van,Rain,Medium
RT-d10228d14c,Diyarbakir,Samsun,Diesel Truck,Normal,Low
RT-fd7cf4ed42,Diyarbakir,Samsun,Diesel Truck,Storm,High
RT-ed3e70adcf,Diyarbakir,Samsun,Electric Semi,Rain,Low
RT-b48460620d,Diyarbakir,Samsun,Hybrid Van,Normal,Low
RT-6c3e0a50be,Diyarbakir,Trabzon,Diesel Truck,Normal,Low
RT-fd236b72c2,Diyarbakir,Trabzon,Diesel Truck,Rain,High
RT-3a0d50f88a,Diyarbakir,Trabzon,Diesel Truck,Snow,Low
RT-76d8f6f36c,Diyarbakir,Trabzon,Electric Semi,Storm,High
RT-3d9e2518f3,Diyarbakir,Van,Electric Semi,Normal,Low
RT-c7d3baf56f,Erzurum,Adana,Electric Semi,Normal,High
RT-08e88cc23b,Erzurum,Adana,Electric Semi,Normal,Medium
RT-68f8fb84d0,Erzurum,Adana,Electric Semi,Snow,Medium
RT-08bcbd4596,Erzurum,Ankara,Diesel Truck,Normal,Low
RT-1287cf3233,Erzurum,Ankara,Diesel Truck,Rain,Low
RT-36928e2814,Erzurum,Antalya,Diesel Truck,Normal,Low
RT-cb07765d61,Erzurum,Antalya,Diesel Truck,Snow,High
RT-4fca653631,Erzurum,Antalya,Diesel Truck,Snow,Low
RT-f7b65ab8b3,Erzurum,Bursa,Diesel Truck,Normal,High
RT-d56d780ba0,Erzurum,Bursa,Electric Semi,Normal,Low
RT-a2b5cc0356,Erzurum,Denizli,Diesel Truck,Normal,High
RT-b601de6684,Erzurum,Denizli,Diesel Truck,Normal,Low
RT-e66cc20ca5,Erzurum,Denizli,Diesel Truck,Normal,Medium
RT-5e08cc545f,Erzurum,Denizli,Diesel Truck,Snow,High
RT-94dd13939f,Erzurum,Diyarbakir,Diesel Truck,Normal,Medium
RT-a890e7ab37,Erzurum,Diyarbakir,Diesel Truck,Snow,Low
RT-7772c10d70,Erzurum,Diyarbakir,Electric Semi,Storm,High
RT-517cfe98df,Erzurum,Diyarbakir,Hybrid Van,Snow,Medium
RT-d531b9f234,Erzurum,Eskisehir,Diesel Truck,Normal,High
RT-409568ce96,Erzurum,Eskisehir,Diesel Truck,Snow,Medium
RT-57822d8765,Erzurum,Eskisehir,Diesel Truck,Storm,Medium
RT-b53fe12b05,Erzurum,Eskisehir,Hybrid Van,Normal,Low
RT-7648b04fa7,Erzurum,Gaziantep,Diesel Truck,Normal,Low
RT-35d69a3f99,Erzurum,Gaziantep,Diesel Truck,Storm,Low
RT-5586357c58,Erzurum,Gaziantep,Electric Semi,Normal,High
RT-915b41a92d,Erzurum,Gaziantep,Electric Semi,Snow,Medium
RT-b4a7d63a62,Erzurum,Gaziantep,Hybrid Van,Normal,Low
RT-92f0924ea3,Erzurum,Istanbul,Diesel Truck,Normal,High
RT-528300c118,Erzurum,Istanbul,Diesel Truck,Rain,Medium
RT-75eda63a55,Erzurum,Izmir,Diesel Truck,Normal,High
RT-6ea008aee5,Erzurum,Izmir,Diesel Truck,Rain,Low
RT-25968a78de,Erzurum,Izmir,Diesel Truck,Rain,Medium
RT-6d51591ec6,Erzurum,Izmir,Diesel Truck,Snow,Medium
RT-0f0e46ddc4,Erzurum,Kayseri,Diesel Truck,Normal,Low
RT-599415ba11,Erzurum,Kayseri,Diesel Truck,Normal,Medium
RT-ed5f0cdf63,Erzurum,Kayseri,Electric Semi,Rain,Medium
RT-73a96b55a1,Erzurum,Kayseri,Hybrid Van,Normal,High
RT-48c011b052,Erzurum,Kayseri,Hybrid Van,Normal,Low
RT-a7cdada9ed,Erzurum,Kocaeli,Diesel Truck,Normal,Low
RT-8a2580f8f9,Erzurum,Kocaeli,Diesel Truck,Normal,Medium
RT-cad4ba358d,Erzurum,Kocaeli,Diesel Truck,Snow,Low
RT-e27fe990b3,Erzurum,Konya,Diesel Truck,Normal,Medium
RT-36a2695ca7,Erzurum,Konya,Diesel Truck,Rain,Low
RT-93186a5ffe,Erzurum,Konya,Diesel Truck,Rain,Medium
RT-d96e12aa95,Erzurum,Konya,Electric Semi,Rain,Low
RT-f43fedb524,Erzurum,Konya,Electric Semi,Snow,Low
RT-f9dc5a40d5,Erzurum,Malatya,Diesel Truck,Rain,Medium
RT-614459d52b,Erzurum,Malatya,Diesel Truck,Snow,High
RT-bc199304af,Erzurum,Malatya,Hybrid Van,Normal,High
RT-04f713fedc,Erzurum,Mersin,Diesel Truck,Normal,Medium
RT-16e571b8be,Erzurum,Mersin,Electric Semi,Normal,Low
RT-f83ed38553,Erzurum,Mersin,Electric Semi,Snow,Medium
RT-6b0dcd7e51,Erzurum,Mersin,Hybrid Van,Normal,Low
RT-c4193fad1d,Erzurum,Sakarya,Diesel Truck,Normal,Low
RT-5e83b1752f,Erzurum,Sakarya,Diesel Truck,Snow,Low
RT-1ba5cfe5f9,Erzurum,Sakarya,Diesel Truck,Storm,Low
RT-32defdcdc7,Erzurum,Sakarya,Electric Semi,Normal,Low
RT-140cbb7888,Erzurum,Samsun,Diesel Truck,Storm,Low
RT-7e7acf15a0,Erzurum,Samsun,Hybrid Van,Normal,Low
RT-918a233832,Erzurum,Samsun,Hybrid Van,Snow,Medium
RT-e7113be5ff,Erzurum,Samsun,Hybrid Van,Storm,High
RT-2abd7b5435,Erzurum,Trabzon,Diesel Truck,Normal,Low
RT-76b6f0c3de,Erzurum,Trabzon,Hybrid Van,Normal,High
RT-865f9275c2,Erzurum,Trabzon,Hybrid Van,Snow,Low
RT-3318878ad9,Erzurum,Van,Diesel Truck,Normal,Low
RT-3ffaf73168,Erzurum,Van,Diesel Truck,Rain,Medium
RT-1f8f2bb12a,Erzurum,Van,Electric Semi,Normal,High
RT-d41cc02734,Eskisehir,Adana,Diesel Truck,Normal,High
RT-143d183e37,Eskisehir,Adana,Hybrid Van,Storm,Medium
RT-bff586781a,Eskisehir,Ankara,Diesel Truck,Normal,Medium
RT-7eade68dc2,Eskisehir,Ankara,Diesel Truck,Rain,Low
RT-904f99d596,Eskisehir,Ankara,Diesel Truck,Storm,High
RT-f0b15e80be,Eskisehir,Antalya,Diesel Truck,Normal,Low
RT-cb24d21aa4,Eskisehir,Antalya,Electric Semi,Normal,Low
RT-9362d19bb0,Eskisehir,Antalya,Hybrid Van,Normal,Low
RT-07135c668f,Eskisehir,Antalya,Hybrid Van,Rain,Medium
RT-6ab3ba1a3f,Eskisehir,Bursa,Diesel Truck,Normal,Low
RT-c407e77edf,Eskisehir,Bursa,Diesel Truck,Normal,Medium
RT-0d7e72c77e,Eskisehir,Bursa,Diesel Truck,Snow,High
RT-97a4dcc394,Eskisehir,Denizli,Diesel Truck,Normal,Low
RT-5cde7b9eab,Eskisehir,Denizli,Electric Semi,Normal,Medium
RT-df562bfc47,Eskisehir,Denizli,Hybrid Van,Normal,Low
RT-6d57667582,Eskisehir,Denizli,Hybrid Van,Normal,Medium
RT-471216bdfc,Eskisehir,Diyarbakir,Diesel Truck,Normal,Low
RT-48c7e0ec73,Eskisehir,Diyarbakir,Diesel Truck,Rain,High
RT-8ef60ed1ab,Eskisehir,Diyarbakir,Diesel Truck,Snow,Low
RT-f2e379f955,Eskisehir,Diyarbakir,Hybrid Van,Normal,Medium
RT-8d640d3caf,Eskisehir,Erzurum,Diesel Truck,Rain,Low
RT-00380822b2,Eskisehir,Erzurum,Diesel Truck,Storm,High
RT-f23b7e67a8,Eskisehir,Erzurum,Hybrid Van,Normal,High
RT-55978a0d4d,Eskisehir,Erzurum,Hybrid Van,Normal,Low
RT-f8a6c8e822,Eskisehir,Istanbul,Diesel Truck,Rain,Low
RT-b45c4f1f2b,Eskisehir,Istanbul,Diesel Truck,Snow,Low
RT-011b2e6a79,Eskisehir,Istanbul,Hybrid Van,Normal,Low
RT-39bc179f04,Eskisehir,Izmir,Hybrid Van,Normal,Low
RT-4c3a498ac2,Eskisehir,Kayseri,Diesel Truck,Rain,Low
RT-6c6c6675de,Eskisehir,Kocaeli,Diesel Truck,Normal,Medium
RT-714f62ddad,Eskisehir,Kocaeli,Diesel Truck,Storm,High
RT-23323c4fd9,Eskisehir,Kocaeli,Hybrid Van,Rain,Low
RT-337a44280c,Eskisehir,Konya,Diesel Truck,Normal,High
RT-80e537cd1a,Eskisehir,Konya,Electric Semi,Normal,Low
RT-37170bfe29,Eskisehir,Malatya,Diesel Truck,Normal,Medium
RT-ac9a0dad0a,Eskisehir,Malatya,Electric Semi,Normal,Medium
RT-89755f7760,Eskisehir,Malatya,Hybrid Van,Rain,High
RT-6afeb73618,Eskisehir,Malatya,Hybrid Van,Rain,Medium
RT-5c3b8616b0,Eskisehir,Mersin,Electric Semi,Snow,Low
RT-7a2d940053,Eskisehir,Mersin,Electric Semi,Snow,Medium
RT-cfe589284f,Eskisehir,Mersin,Hybrid Van,Normal,High
RT-9fac67dc68,Eskisehir,Mersin,Hybrid Van,Normal,Low
RT-156e227580,Eskisehir,Mersin,Hybrid Van,Rain,Medium
RT-fbf32d56ee,Eskisehir,Mersin,Hybrid Van,Snow,Medium
RT-e430dae6dc,Eskisehir,Sakarya,Diesel Truck,Normal,Medium
RT-16320f9147,Eskisehir,Sakarya,Hybrid Van,Normal,High
RT-7df083c0d7,Eskisehir,Sakarya,Hybrid Van,Normal,Low
RT-f48603a85f,Eskisehir,Samsun,Diesel Truck,Normal,Low
RT-68a50fd8a7,Eskisehir,Samsun,Diesel Truck,Normal,Medium
RT-d90c9a92e9,Eskisehir,Samsun,Diesel Truck,Rain,Medium
RT-951082b168,Eskisehir,Samsun,Electric Semi,Normal,Medium
RT-9d0f1d4ad3,Eskisehir,Samsun,Electric Semi,Snow,Medium
RT-69e8489ef1,Eskisehir,Samsun,Hybrid Van,Normal,Medium
RT-474b2ef682,Eskisehir,Samsun,Hybrid Van,Rain,High
RT-e6c77dd7a0,Eskisehir,Trabzon,Electric Semi,Snow,Medium
RT-b4e0c7b28d,Eskisehir,Trabzon,Hybrid Van,Normal,High
RT-62c603c300,Eskisehir,Trabzon,Hybrid Van,Normal,Medium
RT-16bae0430f,Eskisehir,Van,Diesel Truck,Normal,High
RT-6d6ed507f6,Eskisehir,Van,Diesel Truck,Snow,Medium
RT-3df4174c27,Eskisehir,Van,Electric Semi,Rain,Low
RT-d980250d20,Gaziantep,Adana,Diesel Truck,Normal,High
RT-f48f2e173d,Gaziantep,Ankara,Diesel Truck,Normal,Low
RT-6a1803ec24,Gaziantep,Ankara,Diesel Truck,Normal,Medium
RT-0c2281eb9c,Gaziantep,Ankara,Diesel Truck,Storm,Low
RT-bd107642ec,Gaziantep,Ankara,Electric Semi,Storm,High
RT-58cd2e6e50,Gaziantep,Antalya,Diesel Truck,Snow,Medium
RT-749caac497,Gaziantep,Bursa,Diesel Truck,Normal,High
RT-20ee41a28e,Gaziantep,Bursa,Diesel Truck,Normal,Medium
RT-78c1235c6b,Gaziantep,Bursa,Hybrid Van,Snow,Low
RT-91e664e13d,Gaziantep,Denizli,Diesel Truck,Normal,Medium
RT-8d7e810259,Gaziantep,Denizli,Electric Semi,Normal,Low
RT-cee94b3f72,Gaziantep,Diyarbakir,Diesel Truck,Normal,Low
RT-56bd84ebd8,Gaziantep,Diyarbakir,Diesel Truck,Rain,High
RT-5f7aa613c4,Gaziantep,Diyarbakir,Diesel Truck,Snow,Low
RT-f7c65ce1db,Gaziantep,Diyarbakir,Electric Semi,Snow,High
RT-eb6409743c,Gaziantep,Diyarbakir,Hybrid Van,Storm,Low
RT-05bee5a9a2,Gaziantep,Erzurum,Diesel Truck,Normal,Medium
RT-bf6906a844,Gaziantep,Erzurum,Diesel Truck,Snow,High
RT-eac686ec31,Gaziantep,Erzurum,Electric Semi,Normal,Low
RT-52a671aee5,Gaziantep,Erzurum,Hybrid Van,Normal,Medium
RT-8a499b0d15,Gaziantep,Eskisehir,Diesel Truck,Normal,High
RT-c860bed972,Gaziantep,Eskisehir,Diesel Truck,Normal,Medium
RT-6cc51fe6f7,Gaziantep,Eskisehir,Diesel Truck,Snow,Low
RT-cb7d314376,Gaziantep,Eskisehir,Diesel Truck,Snow,Medium
RT-8afddf8ca9,Gaziantep,Eskisehir,Hybrid Van,Normal,Low
RT-f18666a1ec,Gaziantep,Eskisehir,Hybrid Van,Normal,Medium
RT-a5fe34f155,Gaziantep,Istanbul,Diesel Truck,Normal,Low
RT-b6a6ea0bab,Gaziantep,Istanbul,Diesel Truck,Rain,High
RT-72a5e9d97d,Gaziantep,Istanbul,Diesel Truck,Rain,Medium
RT-0c07546974,Gaziantep,Istanbul,Electric Semi,Rain,High
RT-3b8635832b,Gaziantep,Istanbul,Electric Semi,Storm,Medium
RT-30c5264d00,Gaziantep,Istanbul,Hybrid Van,Rain,Low
RT-ad1ae220c7,Gaziantep,Izmir,Diesel Truck,Normal,Low
RT-93086330aa,Gaziantep,Izmir,Diesel Truck,Rain,Low
RT-2171f6b5c4,Gaziantep,Izmir,Electric Semi,Normal,Low
RT-8c60b8cf7f,Gaziantep,Izmir,Hybrid Van,Normal,Low
RT-e3314857ba,Gaziantep,Kayseri,Diesel Truck,Normal,Low
RT-3b82329c76,Gaziantep,Kayseri,Diesel Truck,Snow,Medium
RT-f46db3bca5,Gaziantep,Kayseri,Electric Semi,Normal,High
RT-98b28d90bc,Gaziantep,Kocaeli,Diesel Truck,Rain,Low
RT-82241e1e6e,Gaziantep,Kocaeli,Electric Semi,Storm,Medium
RT-a2fbbdef7c,Gaziantep,Kocaeli,Hybrid Van,Normal,Medium
RT-f44fd3c1b1,Gaziantep,Konya,Diesel Truck,Normal,Low
RT-f66d472b5e,Gaziantep,Konya,Diesel Truck,Rain,Low
RT-c527391476,Gaziantep,Konya,Hybrid Van,Snow,Medium
RT-7cbbdcddb9,Gaziantep,Malatya,Diesel Truck,Normal,High
RT-5ef5a4a48a,Gaziantep,Malatya,Electric Semi,Normal,Low
RT-b03f32d39f,Gaziantep,Malatya,Electric Semi,Normal,Medium
RT-09f53b9ad7,Gaziantep,Malatya,Hybrid Van,Normal,High
RT-0ab920ce89,Gaziantep,Malatya,Hybrid Van,Normal,Low
RT-93a2dc6c8f,Gaziantep,Mersin,Hybrid Van,Normal,Low
RT-1863b483f0,Gaziantep,Mersin,Hybrid Van,Normal,Medium
RT-31a3615c8c,Gaziantep,Sakarya,Diesel Truck,Normal,Low
RT-553c49af6d,Gaziantep,Sakarya,Diesel Truck,Normal,Medium
RT-cf68cb20eb,Gaziantep,Sakarya,Diesel Truck,Rain,High
RT-8a9d9e8ee6,Gaziantep,Sakarya,Diesel Truck,Rain,Low
RT-061ba220b7,Gaziantep,Samsun,Diesel Truck,Normal,Low
RT-5004612bb8,Gaziantep,Samsun,Diesel Truck,Rain,Medium
RT-23c9fdb9ca,Gaziantep,Samsun,Electric Semi,Normal,Medium
RT-282b734f88,Gaziantep,Samsun,Hybrid Van,Normal,Low
RT-cc120b30bf,Gaziantep,Samsun,Hybrid Van,Rain,Medium
RT-7a757ff836,Gaziantep,Trabzon,Diesel Truck,Storm,High
RT-197b439fca,Gaziantep,Trabzon,Hybrid Van,Snow,High
RT-fef130b398,Gaziantep,Van,Diesel Truck,Normal,Low
RT-fd72c692ec,Gaziantep,Van,Electric Semi,Normal,Low
RT-bc4133b463,Gaziantep,Van,Hybrid Van,Rain,Low
RT-05507714ec,Istanbul,Adana,Electric Semi,Normal,Medium
RT-ee2d1d9d91,Istanbul,Ankara,Diesel Truck,Normal,Medium
RT-6b73bc42f5,Istanbul,Ankara,Diesel Truck,Rain,High
RT-2414da2a30,Istanbul,Ankara,Diesel Truck,Storm,High
RT-ca2a71d64a,Istanbul,Ankara,Electric Semi,Snow,Medium
RT-6bccd05f5d,Istanbul,Antalya,Diesel Truck,Normal,Low
RT-d2ec91bee4,Istanbul,Antalya,Diesel Truck,Rain,Medium
RT-3931b0cc4d,Istanbul,Antalya,Electric Semi,Normal,Low
RT-bd1289fab6,Istanbul,Antalya,Electric Semi,Normal,Medium
RT-54100af7b4,Istanbul,Antalya,Electric Semi,Storm,Medium
RT-6fc1347762,Istanbul,Bursa,Electric Semi,Normal,Medium
RT-03d2447dee,Istanbul,Bursa,Hybrid Van,Normal,High
RT-21410fa2f8,Istanbul,Bursa,Hybrid Van,Normal,Low
RT-1ff0786b76,Istanbul,Denizli,Diesel Truck,Normal,Low
RT-c8534d712b,Istanbul,Denizli,Electric Semi,Normal,Low
RT-b3a9246297,Istanbul,Denizli,Electric Semi,Normal,Medium
RT-a68c638e16,Istanbul,Denizli,Electric Semi,Snow,High
RT-e88ac2ed56,Istanbul,Denizli,Electric Semi,Snow,Medium
RT-0fca53dae8,Istanbul,Denizli,Electric Semi,Storm,High
RT-c7e077cb20,Istanbul,Diyarbakir,Diesel Truck,Normal,Medium
RT-2c809da378,Istanbul,Diyarbakir,Hybrid Van,Normal,High
RT-61aceb9c42,Istanbul,Erzurum,Diesel Truck,Normal,High
RT-262f64c123,Istanbul,Erzurum,Diesel Truck,Normal,Medium
RT-275fd61e77,Istanbul,Erzurum,Diesel Truck,Storm,High
RT-cbebd9908c,Istanbul,Eskisehir,Electric Semi,Normal,Low
RT-853b8656ad,Istanbul,Eskisehir,Electric Semi,Rain,Medium
RT-566ee68649,Istanbul,Eskisehir,Electric Semi,Snow,Medium
RT-e1194131e9,Istanbul,Eskisehir,Electric Semi,Storm,High
RT-86a71ee8f7,Istanbul,Eskisehir,Electric Semi,Storm,Medium
RT-4063e2d975,Istanbul,Gaziantep,Diesel Truck,Normal,Medium
RT-08011578e9,Istanbul,Izmir,Diesel Truck,Normal,Low
RT-4ddb59d9c9,Istanbul,Izmir,Diesel Truck,Normal,Medium
RT-3d60ccd6b6,Istanbul,Izmir,Diesel Truck,Rain,Low
RT-6782d75576,Istanbul,Izmir,Electric Semi,Normal,Medium
RT-d1d4109bb2,Istanbul,Izmir,Hybrid Van,Normal,Medium
RT-45138195c0,Istanbul,Izmir,Hybrid Van,Snow,High
RT-98dbbee927,Istanbul,Izmir,Hybrid Van,Snow,Low
RT-cd09e6411f,Istanbul,Kayseri,Diesel Truck,Normal,Low
RT-4ac6e78aeb,Istanbul,Kayseri,Diesel Truck,Normal,Medium
RT-452f5f9b14,Istanbul,Kayseri,Hybrid Van,Normal,High
RT-578e1a1a8a,Istanbul,Kocaeli,Hybrid Van,Normal,Low
RT-2aa40a80d1,Istanbul,Konya,Diesel Truck,Normal,High
RT-c91dae9629,Istanbul,Konya,Electric Semi,Snow,High
RT-d832b0ea88,Istanbul,Malatya,Diesel Truck,Rain,Low
RT-345a79a4a8,Istanbul,Malatya,Hybrid Van,Rain,Low
RT-401113b561,Istanbul,Mersin,Diesel Truck,Normal,High
RT-f5728cdc01,Istanbul,Mersin,Diesel Truck,Normal,Low
RT-0f9960c9d8,Istanbul,Mersin,Diesel Truck,Snow,Medium
RT-6ad88f95f5,Istanbul,Mersin,Diesel Truck,Storm,Medium
RT-5c9b8c3719,Istanbul,Mersin,Electric Semi,Normal,Medium
RT-83b81fb605,Istanbul,Sakarya,Diesel Truck,Snow,Medium
RT-dbe3b8d2ee,Istanbul,Sakarya,Diesel Truck,Storm,Low
RT-cb92e418c3,Istanbul,Samsun,Diesel Truck,Normal,Low
RT-ee1ccbb2ce,Istanbul,Samsun,Diesel Truck,Snow,Low
RT-755850020b,Istanbul,Samsun,Electric Semi,Snow,Low
RT-ad995efeb3,Istanbul,Samsun,Hybrid Van,Normal,Medium
RT-00eae0fe16,Istanbul,Trabzon,Diesel Truck,Normal,Medium
RT-8b648d0310,Istanbul,Trabzon,Electric Semi,Rain,High
RT-1f3f52f250,Istanbul,Van,Diesel Truck,Normal,High
RT-cea72266a8,Istanbul,Van,Diesel Truck,Normal,Low
RT-00eb69bc12,Istanbul,Van,Diesel Truck,Rain,Medium
RT-492fcf6c54,Istanbul,Van,Diesel Truck,Snow,Low
RT-919f1cef03,Istanbul,Van,Diesel Truck,Storm,Medium
RT-8473e90601,Istanbul,Van,Hybrid Van,Normal,Medium
RT-2a6c886dd3,Izmir,Adana,Diesel Truck,Normal,Low
RT-fb48d04196,Izmir,Adana,Diesel Truck,Rain,Medium
RT-c19b0edc3f,Izmir,Adana,Diesel Truck,Snow,Low
RT-d9e3a073c9,Izmir,Ankara,Diesel Truck,Normal,Low
RT-fe53541e63,Izmir,Ankara,Diesel Truck,Normal,Medium
RT-4c9c770335,Izmir,Ankara,Electric Semi,Normal,Medium
RT-2694cfda51,Izmir,Ankara,Hybrid Van,Normal,Low
RT-fcc6b442f0,Izmir,Antalya,Diesel Truck,Normal,Low
RT-b23396f90d,Izmir,Antalya,Diesel Truck,Rain,High
RT-de82506e87,Izmir,Antalya,Diesel Truck,Rain,Medium
RT-e9859c6556,Izmir,Antalya,Hybrid Van,Normal,Medium
RT-1466384e78,Izmir,Bursa,Diesel Truck,Normal,High
RT-a611ba2b22,Izmir,Bursa,Diesel Truck,Rain,Medium
RT-19077a77ed,Izmir,Denizli,Diesel Truck,Normal,High
RT-1a46953f07,Izmir,Denizli,Diesel Truck,Normal,Low
RT-c58dc7efc8,Izmir,Denizli,Diesel Truck,Storm,Low
RT-3084ee88f9,Izmir,Denizli,Hybrid Van,Normal,High
RT-b58a335efb,Izmir,Diyarbakir,Diesel Truck,Rain,Low
RT-b5077168af,Izmir,Erzurum,Diesel Truck,Normal,Medium
RT-c85e314266,Izmir,Erzurum,Hybrid Van,Storm,Low
RT-0c0ec5e556,Izmir,Eskisehir,Diesel Truck,Normal,Low
RT-995fe9177a,Izmir,Eskisehir,Diesel Truck,Rain,High
RT-8b6016162e,Izmir,Eskisehir,Diesel Truck,Rain,Low
RT-be8be2a504,Izmir,Eskisehir,Diesel Truck,Snow,High
RT-6666d73beb,Izmir,Eskisehir,Hybrid Van,Normal,High
RT-2b3a4503ec,Izmir,Eskisehir,Hybrid Van,Normal,Medium
RT-3bc10179a4,Izmir,Eskisehir,Hybrid Van,Storm,High
RT-d1251d39ee,Izmir,Gaziantep,Diesel Truck,Rain,Low
RT-5aea39b58a,Izmir,Gaziantep,Electric Semi,Normal,High
RT-81f5d62073,Izmir,Istanbul,Diesel Truck,Normal,Medium
RT-dd3089098e,Izmir,Istanbul,Hybrid Van,Normal,Low
RT-d644194dbc,Izmir,Istanbul,Hybrid Van,Normal,Medium
RT-310bb4cbc8,Izmir,Istanbul,Hybrid Van,Rain,High
RT-efc327caf6,Izmir,Istanbul,Hybrid Van,Snow,Low
RT-5774d6794f,Izmir,Kayseri,Diesel Truck,Normal,Low
RT-ee8be72d66,Izmir,Kocaeli,Diesel Truck,Rain,Medium
RT-360d7ce5de,Izmir,Kocaeli,Diesel Truck,Storm,High
RT-d35c0ebe74,Izmir,Kocaeli,Electric Semi,Normal,Medium
RT-46b7c77c9d,Izmir,Konya,Diesel Truck,Normal,High
RT-e11e5904ea,Izmir,Konya,Diesel Truck,Normal,Medium
RT-c4d4b421d8,Izmir,Konya,Diesel Truck,Rain,Low
RT-9e28ece5fe,Izmir,Konya,Diesel Truck,Rain,Medium
RT-7dc637a23e,Izmir,Konya,Diesel Truck,Storm,Low
RT-2e9411e14d,Izmir,Konya,Electric Semi,Normal,Low
RT-1fbd449262,Izmir,Konya,Hybrid Van,Rain,High
RT-f90ff227ca,Izmir,Malatya,Diesel Truck,Normal,High
RT-9d709cacba,Izmir,Malatya,Diesel Truck,Normal,Low
RT-24c697d74c,Izmir,Malatya,Diesel Truck,Normal,Medium
RT-23485cdab1,Izmir,Mersin,Diesel Truck,Rain,Medium
RT-55ffe48d2f,Izmir,Mersin,Electric Semi,Normal,Medium
RT-71544f4bbc,Izmir,Sakarya,Diesel Truck,Normal,Low
RT-c29a9978c8,Izmir,Sakarya,Diesel Truck,Normal,Medium
RT-0ab871a3fd,Izmir,Sakarya,Electric Semi,Normal,Medium
RT-0132a7b912,Izmir,Samsun,Diesel Truck,Normal,Low
RT-9c8f80a064,Izmir,Samsun,Diesel Truck,Storm,Low
RT-4ef315f96d,Izmir,Samsun,Electric Semi,Snow,Medium
RT-53f633a16a,Izmir,Samsun,Hybrid Van,Snow,Low
RT-143309d19e,Izmir,Samsun,Hybrid Van,Storm,Medium
RT-6978ba7e01,Izmir,Trabzon,Diesel Truck,Normal,Medium
RT-7d02e66dd1,Izmir,Trabzon,Diesel Truck,Rain,Medium
RT-5f7331a53b,Izmir,Van,Diesel Truck,Normal,Low
RT-ab41c50a52,Izmir,Van,Diesel Truck,Rain,Medium
RT-213912d8f8,Izmir,Van,Diesel Truck,Snow,Medium
RT-e55288848b,Kayseri,Adana,Diesel Truck,Rain,Medium
RT-7cdb604981,Kayseri,Adana,Electric Semi,Normal,High
RT-3a354a03f3,Kayseri,Adana,Electric Semi,Rain,Medium
RT-5f3582796f,Kayseri,Adana,Electric Semi,Storm,Low
RT-6d7892549a,Kayseri,Ankara,Diesel Truck,Rain,Medium
RT-dfabf0feab,Kayseri,Ankara,Diesel Truck,Storm,Medium
RT-01179bfb6f,Kayseri,Ankara,Electric Semi,Normal,Low
RT-88c0463bcf,Kayseri,Ankara,Electric Semi,Snow,High
RT-7845afc09a,Kayseri,Ankara,Hybrid Van,Normal,High
RT-c855c39d1e,Kayseri,Ankara,Hybrid Van,Normal,Medium
RT-483a971117,Kayseri,Antalya,Diesel Truck,Normal,Low
RT-c4d4ab9466,Kayseri,Antalya,Diesel Truck,Normal,Medium
RT-7cfbfd8b19,Kayseri,Antalya,Hybrid Van,Normal,High
RT-ba65ac6c5c,Kayseri,Antalya,Hybrid Van,Rain,Low
RT-81bb400079,Kayseri,Bursa,Diesel Truck,Rain,High
RT-5624e28b40,Kayseri,Bursa,Hybrid Van,Snow,High
RT-e835c7b2ab,Kayseri,Bursa,Hybrid Van,Snow,Medium
RT-f7e0824f94,Kayseri,Denizli,Diesel Truck,Normal,Low
RT-48e28f6ca1,Kayseri,Denizli,Diesel Truck,Storm,Low
RT-200ca365b4,Kayseri,Denizli,Electric Semi,Rain,High
RT-dc4c4c3e90,Kayseri,Denizli,Hybrid Van,Storm,Medium
RT-6038ea1bc4,Kayseri,Diyarbakir,Diesel Truck,Rain,Medium
RT-b8695a6952,Kayseri,Diyarbakir,Hybrid Van,Normal,High
RT-1c70c9d088,Kayseri,Diyarbakir,Hybrid Van,Normal,Medium
RT-995b28e068,Kayseri,Diyarbakir,Hybrid Van,Rain,Medium
RT-950482d123,Kayseri,Erzurum,Diesel Truck,Normal,Medium
RT-1a9c864357,Kayseri,Eskisehir,Diesel Truck,Normal,Low
RT-d9c5e3933a,Kayseri,Eskisehir,Electric Semi,Normal,Low
RT-a4708fee9f,Kayseri,Eskisehir,Hybrid Van,Normal,High
RT-0259f7bb9d,Kayseri,Eskisehir,Hybrid Van,Rain,Medium
RT-57790cf118,Kayseri,Gaziantep,Diesel Truck,Normal,Low
RT-4c92f6d78d,Kayseri,Gaziantep,Diesel Truck,Normal,Medium
RT-c96e89e1ce,Kayseri,Gaziantep,Diesel Truck,Storm,Low
RT-f4d4f6c665,Kayseri,Gaziantep,Hybrid Van,Normal,Low
RT-d98a3dfe98,Kayseri,Istanbul,Diesel Truck,Normal,Medium
RT-1a80bfc462,Kayseri,Izmir,Diesel Truck,Normal,Medium
RT-dc71c992d1,Kayseri,Izmir,Diesel Truck,Rain,High
RT-508e066af2,Kayseri,Izmir,Diesel Truck,Snow,Low
RT-fac4e54416,Kayseri,Izmir,Diesel Truck,Snow,Medium
RT-e859343410,Kayseri,Kocaeli,Diesel Truck,Normal,Low
RT-fc3d939384,Kayseri,Kocaeli,Diesel Truck,Rain,Low
RT-e86e576859,Kayseri,Kocaeli,Diesel Truck,Storm,Low
RT-eb062fd30c,Kayseri,Kocaeli,Electric Semi,Storm,Low
RT-fccca8515d,Kayseri,Kocaeli,Hybrid Van,Normal,Low
RT-1d2e5e1029,Kayseri,Kocaeli,Hybrid Van,Rain,Low
RT-60edb57540,Kayseri,Konya,Diesel Truck,Rain,Low
RT-0562542450,Kayseri,Konya,Diesel Truck,Storm,Low
RT-6667677eef,Kayseri,Konya,Hybrid Van,Normal,Low
RT-52a1232d6a,Kayseri,Konya,Hybrid Van,Normal,Medium
RT-5eb3655757,Kayseri,Malatya,Diesel Truck,Normal,Medium
RT-886b1d31d5,Kayseri,Malatya,Electric Semi,Snow,Low
RT-51e7be784f,Kayseri,Malatya,Hybrid Van,Storm,High
RT-977d8b5b0a,Kayseri,Mersin,Diesel Truck,Normal,Medium
RT-b0306f7232,Kayseri,Mersin,Hybrid Van,Normal,Medium
RT-4c171471aa,Kayseri,Sakarya,Diesel Truck,Normal,Low
RT-916f04a63b,Kayseri,Sakarya,Diesel Truck,Snow,Low
RT-e92fd8ea60,Kayseri,Sakarya,Diesel Truck,Storm,Medium
RT-ee51a4898a,Kayseri,Sakarya,Electric Semi,Normal,Medium
RT-ecba13aa63,Kayseri,Sakarya,Hybrid Van,Normal,Low
RT-b7c2b54813,Kayseri,Samsun,Diesel Truck,Storm,Low
RT-599d502634,Kayseri,Samsun,Electric Semi,Normal,Medium
RT-f0af7b2356,Kayseri,Trabzon,Diesel Truck,Normal,High
RT-a3cd09d394,Kayseri,Trabzon,Diesel Truck,Normal,Low
RT-7d6c136b9e,Kayseri,Trabzon,Diesel Truck,Rain,High
RT-0a2e48d011,Kayseri,Trabzon,Diesel Truck,Snow,Low
RT-d07c697063,Kayseri,Trabzon,Diesel Truck,Snow,Medium
RT-55c1703999,Kayseri,Van,Electric Semi,Normal,Medium
RT-22838e7c3e,Kayseri,Van,Hybrid Van,Rain,Medium
RT-c842804b57,Kocaeli,Adana,Diesel Truck,Normal,Medium
RT-da8efc088a,Kocaeli,Adana,Electric Semi,Normal,Low
RT-18c19b2784,Kocaeli,Adana,Hybrid Van,Snow,Medium
RT-546108983e,Kocaeli,Ankara,Diesel Truck,Normal,Low
RT-ee63e09465,Kocaeli,Ankara,Diesel Truck,Normal,Medium
RT-b79d63624f,Kocaeli,Ankara,Electric Semi,Normal,Low
RT-ba8e94f54e,Kocaeli,Ankara,Hybrid Van,Normal,Low
RT-2ebb68dce5,Kocaeli,Antalya,Diesel Truck,Normal,Low
RT-b52cd53150,Kocaeli,Antalya,Diesel Truck,Normal,Medium
RT-feb55db59b,Kocaeli,Antalya,Diesel Truck,Storm,High
RT-8d2b6626f3,Kocaeli,Antalya,Hybrid Van,Rain,Medium
RT-621ac10396,Kocaeli,Antalya,Hybrid Van,Snow,Medium
RT-f052dddbb0,Kocaeli,Antalya,Hybrid Van,Storm,Low
RT-ed12617481,Kocaeli,Bursa,Diesel Truck,Normal,Low
RT-d381730c6f,Kocaeli,Bursa,Diesel Truck,Rain,High
RT-3ec87b56fd,Kocaeli,Bursa,Diesel Truck,Snow,Medium
RT-c389a963e3,Kocaeli,Bursa,Hybrid Van,Normal,High
RT-a8714a662a,Kocaeli,Bursa,Hybrid Van,Rain,Medium
RT-a1cca629a5,Kocaeli,Bursa,Hybrid Van,Snow,High
RT-7254e70880,Kocaeli,Denizli,Diesel Truck,Storm,Medium
RT-99fc319fa4,Kocaeli,Diyarbakir,Diesel Truck,Normal,Low
RT-e93243aa9f,Kocaeli,Diyarbakir,Diesel Truck,Normal,Medium
RT-e1c0792bfd,Kocaeli,Diyarbakir,Diesel Truck,Rain,Low
RT-909052f98a,Kocaeli,Diyarbakir,Hybrid Van,Normal,Low
RT-b4e11e39ea,Kocaeli,Diyarbakir,Hybrid Van,Normal,Medium
RT-9ce5012396,Kocaeli,Erzurum,Diesel Truck,Normal,Medium
RT-c712b2b191,Kocaeli,Erzurum,Diesel Truck,Snow,High
RT-3fbdd82bfd,Kocaeli,Erzurum,Hybrid Van,Normal,Medium
RT-e78c22349d,Kocaeli,Eskisehir,Electric Semi,Normal,Medium
RT-e0de24df37,Kocaeli,Eskisehir,Hybrid Van,Normal,Low
RT-9b80acd612,Kocaeli,Gaziantep,Diesel Truck,Normal,High
RT-3cf427cc54,Kocaeli,Gaziantep,Electric Semi,Normal,Low
RT-01c17bb0db,Kocaeli,Istanbul,Diesel Truck,Normal,Medium
RT-c2e8a8623e,Kocaeli,Istanbul,Diesel Truck,Storm,Medium
RT-8d6f99d207,Kocaeli,Istanbul,Hybrid Van,Normal,High
RT-7dd3cb1a7f,Kocaeli,Istanbul,Hybrid Van,Normal,Low
RT-1230553018,Kocaeli,Istanbul,Hybrid Van,Normal,Medium
RT-93254bdd12,Kocaeli,Izmir,Diesel Truck,Normal,High
RT-d3f3c31ab3,Kocaeli,Izmir,Diesel Truck,Rain,Medium
RT-eb8c396c2a,Kocaeli,Izmir,Hybrid Van,Rain,High
RT-d09c5881e8,Kocaeli,Izmir,Hybrid Van,Snow,High
RT-1d9dcd7880,Kocaeli,Izmir,Hybrid Van,Snow,Low
RT-38c7c35013,Kocaeli,Kayseri,Diesel Truck,Normal,Medium
RT-82876853e9,Kocaeli,Kayseri,Diesel Truck,Rain,Low
RT-5662e1947a,Kocaeli,Kayseri,Diesel Truck,Storm,Medium
RT-0917102466,Kocaeli,Kayseri,Electric Semi,Normal,High
RT-e32483321b,Kocaeli,Kayseri,Electric Semi,Normal,Medium
RT-a3164605dc,Kocaeli,Kayseri,Hybrid Van,Normal,High
RT-a4a50efbbc,Kocaeli,Kayseri,Hybrid Van,Snow,Medium
RT-c3fa8809e7,Kocaeli,Konya,Diesel Truck,Snow,Medium
RT-ce79123171,Kocaeli,Konya,Electric Semi,Rain,Medium
RT-e9782f3ffa,Kocaeli,Malatya,Diesel Truck,Normal,Medium
RT-0a1d10704d,Kocaeli,Malatya,Electric Semi,Normal,Low
RT-09f01f1c7e,Kocaeli,Malatya,Electric Semi,Rain,Medium
RT-f910f0da25,Kocaeli,Malatya,Hybrid Van,Normal,Medium
RT-27776961e9,Kocaeli,Mersin,Diesel Truck,Rain,High
RT-38e9c72877,Kocaeli,Mersin,Diesel Truck,Rain,Low
RT-9a328f99b8,Kocaeli,Mersin,Diesel Truck,Snow,Low
RT-df9a53c611,Kocaeli,Mersin,Hybrid Van,Normal,High
RT-f6f10fbb94,Kocaeli,Mersin,Hybrid Van,Snow,Medium
RT-7e90261736,Kocaeli,Sakarya,Diesel Truck,Normal,Low
RT-a6ae85b830,Kocaeli,Sakarya,Diesel Truck,Rain,Low
RT-a8d3853496,Kocaeli,Sakarya,Electric Semi,Normal,High
RT-9457fb5367,Kocaeli,Samsun,Diesel Truck,Normal,Medium
RT-e49f92af4e,Kocaeli,Samsun,Electric Semi,Normal,High
RT-9c4720cb93,Kocaeli,Samsun,Electric Semi,Rain,Low
RT-2ad3e6cc27,Kocaeli,Trabzon,Diesel Truck,Normal,Low
RT-2361a8614d,Kocaeli,Trabzon,Diesel Truck,Normal,Medium
RT-a94ab38e98,Kocaeli,Trabzon,Diesel Truck,Snow,Low
RT-10cefd379e,Kocaeli,Trabzon,Electric Semi,Rain,Medium
RT-348eac90ae,Kocaeli,Trabzon,Hybrid Van,Normal,Low
RT-f4dfca5d76,Kocaeli,Van,Diesel Truck,Normal,Low
RT-8f4c26d508,Kocaeli,Van,Diesel Truck,Normal,Medium
RT-a96947193d,Kocaeli,Van,Hybrid Van,Rain,Low
RT-b35955fde6,Konya,Adana,Diesel Truck,Normal,Low
RT-636908aa95,Konya,Adana,Diesel Truck,Normal,Medium
RT-56d0eae314,Konya,Adana,Electric Semi,Normal,Low
RT-1d0160c785,Konya,Adana,Hybrid Van,Normal,Medium
RT-ba7071915c,Konya,Adana,Hybrid Van,Rain,Low
RT-8db5c75458,Konya,Adana,Hybrid Van,Rain,Medium
RT-24fbeba960,Konya,Ankara,Diesel Truck,Rain,High
RT-701df55e7c,Konya,Ankara,Diesel Truck,Snow,High
RT-e099619ab9,Konya,Ankara,Electric Semi,Normal,Low
RT-fcca733d04,Konya,Ankara,Hybrid Van,Normal,High
RT-bee03b2a93,Konya,Ankara,Hybrid Van,Normal,Low
RT-3b68a02176,Konya,Antalya,Diesel Truck,Normal,High
RT-f90d235891,Konya,Antalya,Electric Semi,Normal,Medium
RT-10251958e5,Konya,Antalya,Hybrid Van,Normal,High
RT-6f32138420,Konya,Antalya,Hybrid Van,Rain,Medium
RT-f6af902889,Konya,Bursa,Diesel Truck,Normal,Low
RT-bbc396749a,Konya,Bursa,Diesel Truck,Snow,High
RT-addf6c4a27,Konya,Bursa,Hybrid Van,Rain,Medium
RT-12d5ec3851,Konya,Denizli,Diesel Truck,Normal,Medium
RT-e558e76b75,Konya,Denizli,Hybrid Van,Normal,Medium
RT-b468432918,Konya,Diyarbakir,Diesel Truck,Rain,Medium
RT-e4e3bff8ec,Konya,Diyarbakir,Hybrid Van,Normal,Medium
RT-a21a47f763,Konya,Diyarbakir,Hybrid Van,Storm,Medium
RT-bd9093e5d3,Konya,Erzurum,Diesel Truck,Normal,Low
RT-efa111c927,Konya,Erzurum,Diesel Truck,Normal,Medium
RT-847df43e7c,Konya,Erzurum,Diesel Truck,Rain,High
RT-5d3c757e9d,Konya,Erzurum,Hybrid Van,Snow,High
RT-3475572a8d,Konya,Eskisehir,Diesel Truck,Normal,Medium
RT-a53e8839e0,Konya,Gaziantep,Diesel Truck,Rain,Low
RT-5ac412a3f3,Konya,Gaziantep,Electric Semi,Normal,High
RT-f6c4031ff6,Konya,Gaziantep,Electric Semi,Normal,Low
RT-28ede8e2ad,Konya,Gaziantep,Electric Semi,Snow,High
RT-fb70b16aa6,Konya,Gaziantep,Hybrid Van,Storm,Low
RT-dbfd0d14af,Konya,Istanbul,Diesel Truck,Storm,High
RT-d4482a6f03,Konya,Istanbul,Electric Semi,Normal,High
RT-1eea17ef0b,Konya,Istanbul,Hybrid Van,Normal,Medium
RT-540d08b218,Konya,Izmir,Electric Semi,Normal,Low
RT-55ba7434d4,Konya,Kayseri,Electric Semi,Rain,Medium
RT-1790df65f9,Konya,Kayseri,Hybrid Van,Rain,Medium
RT-7f5f669897,Konya,Kayseri,Hybrid Van,Snow,Low
RT-2f6b817994,Konya,Kocaeli,Diesel Truck,Normal,Low
RT-f6ec00c383,Konya,Kocaeli,Electric Semi,Snow,Low
RT-a88682802d,Konya,Malatya,Diesel Truck,Normal,Medium
RT-0f85d07e95,Konya,Malatya,Diesel Truck,Snow,Medium
RT-39f1f80084,Konya,Malatya,Diesel Truck,Storm,Medium
RT-93b87199b8,Konya,Malatya,Electric Semi,Normal,Low
RT-a6794fcaae,Konya,Mersin,Diesel Truck,Normal,High
RT-7cbf099644,Konya,Mersin,Electric Semi,Normal,High
RT-ca0bb85b50,Konya,Sakarya,Diesel Truck,Normal,Medium
RT-26af5ffb2c,Konya,Sakarya,Hybrid Van,Normal,Low
RT-1a1cf57f2c,Konya,Sakarya,Hybrid Van,Rain,High
RT-4026279527,Konya,Samsun,Diesel Truck,Normal,Low
RT-946c0ba65f,Konya,Samsun,Diesel Truck,Normal,Medium
RT-2dfd6ceb8f,Konya,Samsun,Electric Semi,Normal,Low
RT-172e6cb153,Konya,Samsun,Hybrid Van,Normal,Low
RT-0e7b28eabc,Konya,Samsun,Hybrid Van,Normal,Medium
RT-3bffb33e16,Konya,Samsun,Hybrid Van,Snow,High
RT-96024a82c2,Konya,Trabzon,Diesel Truck,Normal,Low
RT-36a9a3ef11,Konya,Trabzon,Hybrid Van,Normal,High
RT-48bae08d7b,Konya,Trabzon,Hybrid Van,Rain,Medium
RT-8f3aa30891,Konya,Van,Diesel Truck,Normal,Medium
RT-0b975d27f2,Konya,Van,Diesel Truck,Storm,High
RT-0b0480c9f8,Malatya,Adana,Diesel Truck,Normal,Low
RT-ae9c9a0bf6,Malatya,Ankara,Diesel Truck,Normal,Medium
RT-2bc556fdb5,Malatya,Ankara,Hybrid Van,Storm,Medium
RT-5b5b6cb052,Malatya,Antalya,Diesel Truck,Rain,Medium
RT-9c285fa098,Malatya,Antalya,Hybrid Van,Normal,High
RT-225e22ca0e,Malatya,Bursa,Diesel Truck,Storm,Low
RT-fc94a16c3a,Malatya,Bursa,Electric Semi,Normal,High
RT-27d4ba3c00,Malatya,Bursa,Electric Semi,Snow,Low
RT-1abe8410eb,Malatya,Bursa,Hybrid Van,Normal,Low
RT-e4891bb301,Malatya,Denizli,Diesel Truck,Normal,Medium
RT-bd757dce10,Malatya,Denizli,Electric Semi,Normal,High
RT-72e403580d,Malatya,Diyarbakir,Diesel Truck,Normal,High
RT-f7d607ac85,Malatya,Diyarbakir,Electric Semi,Normal,Medium
RT-f5d85f32e6,Malatya,Diyarbakir,Electric Semi,Snow,High
RT-fb43d9e9b7,Malatya,Diyarbakir,Hybrid Van,Normal,High
RT-e8524e23f3,Malatya,Erzurum,Diesel Truck,Storm,High
RT-966094e429,Malatya,Erzurum,Diesel Truck,Storm,Low
RT-d694fb4244,Malatya,Erzurum,Electric Semi,Normal,Medium
RT-f13e116749,Malatya,Erzurum,Hybrid Van,Normal,High
RT-e5753e210a,Malatya,Erzurum,Hybrid Van,Snow,Low
RT-fba346acb9,Malatya,Eskisehir,Diesel Truck,Normal,High
RT-925e41b215,Malatya,Eskisehir,Diesel Truck,Normal,Low
RT-c007b46ca3,Malatya,Eskisehir,Diesel Truck,Normal,Medium
RT-aee2ec7ed1,Malatya,Eskisehir,Electric Semi,Normal,Low
RT-2f67967430,Malatya,Eskisehir,Hybrid Van,Normal,High
RT-83ead4dbc0,Malatya,Eskisehir,Hybrid Van,Rain,Low
RT-461f0f56f6,Malatya,Gaziantep,Diesel Truck,Rain,Low
RT-bb4e258796,Malatya,Gaziantep,Electric Semi,Rain,Medium
RT-dc7ef1515f,Malatya,Gaziantep,Hybrid Van,Normal,Medium
RT-fc92b96916,Malatya,Gaziantep,Hybrid Van,Storm,Medium
RT-befaa87d85,Malatya,Istanbul,Diesel Truck,Normal,Medium
RT-9af1d4c580,Malatya,Istanbul,Diesel Truck,Rain,Medium
RT-f46da8593b,Malatya,Istanbul,Diesel Truck,Snow,Low
RT-30b0b6cecc,Malatya,Istanbul,Diesel Truck,Snow,Medium
RT-265ca62123,Malatya,Istanbul,Diesel Truck,Storm,Low
RT-79f460df96,Malatya,Istanbul,Electric Semi,Normal,Low
RT-0b46226bdb,Malatya,Istanbul,Electric Semi,Snow,Medium
RT-a47495562a,Malatya,Istanbul,Hybrid Van,Rain,High
RT-e431f5719d,Malatya,Izmir,Diesel Truck,Normal,High
RT-eacda3e432,Malatya,Izmir,Diesel Truck,Normal,Low
RT-09684721d6,Malatya,Izmir,Diesel Truck,Rain,Low
RT-8017187ec8,Malatya,Kayseri,Diesel Truck,Normal,High
RT-6532d37e24,Malatya,Kayseri,Diesel Truck,Normal,Medium
RT-e77f398723,Malatya,Kayseri,Hybrid Van,Storm,Low
RT-ec4e731994,Malatya,Kocaeli,Diesel Truck,Normal,Low
RT-1a4a57aca7,Malatya,Kocaeli,Diesel Truck,Normal,Medium
RT-67f05bf906,Malatya,Kocaeli,Diesel Truck,Storm,Medium
RT-481d18ea35,Malatya,Kocaeli,Electric Semi,Normal,Low
RT-a2df5b4b4d,Malatya,Konya,Diesel Truck,Normal,High
RT-742d5c8d02,Malatya,Konya,Diesel Truck,Normal,Low
RT-f310c7e164,Malatya,Konya,Diesel Truck,Normal,Medium
RT-0d7f1fc98e,Malatya,Konya,Diesel Truck,Snow,Medium
RT-e8e57049c7,Malatya,Konya,Electric Semi,Normal,Low
RT-fbb7f0dff8,Malatya,Mersin,Diesel Truck,Rain,Medium
RT-d8c9f69096,Malatya,Mersin,Electric Semi,Normal,High
RT-cef3d310ed,Malatya,Mersin,Electric Semi,Normal,Medium
RT-90a593ca88,Malatya,Sakarya,Diesel Truck,Normal,Medium
RT-f5030c2240,Malatya,Sakarya,Diesel Truck,Rain,Low
RT-212c9109dc,Malatya,Sakarya,Diesel Truck,Rain,Medium
RT-765a1f98e8,Malatya,Sakarya,Diesel Truck,Snow,Low
RT-fc93dce4f4,Malatya,Sakarya,Diesel Truck,Storm,Medium
RT-6c0648981d,Malatya,Samsun,Diesel Truck,Normal,High
RT-e58ff4c7fd,Malatya,Samsun,Diesel Truck,Rain,High
RT-b546d35acd,Malatya,Samsun,Diesel Truck,Storm,Low
RT-65da004bf5,Malatya,Samsun,Electric Semi,Snow,Low
RT-20b9faf86b,Malatya,Samsun,Hybrid Van,Normal,Medium
RT-b451da760c,Malatya,Trabzon,Diesel Truck,Snow,Low
RT-b20aa27593,Malatya,Trabzon,Diesel Truck,Storm,Medium
RT-bbc8bef68a,Malatya,Trabzon,Electric Semi,Normal,Medium
RT-331694646f,Malatya,Van,Diesel Truck,Normal,High
RT-231bf560b1,Malatya,Van,Hybrid Van,Normal,Low
RT-1257427733,Mersin,Adana,Diesel Truck,Snow,High
RT-d023bf94e3,Mersin,Adana,Hybrid Van,Snow,Low
RT-ed6fd49099,Mersin,Adana,Hybrid Van,Storm,High
RT-64dd88e14d,Mersin,Ankara,Diesel Truck,Normal,High
RT-e6d5100b0e,Mersin,Antalya,Electric Semi,Normal,High
RT-99d5063340,Mersin,Antalya,Hybrid Van,Normal,Medium
RT-dea72e6616,Mersin,Denizli,Diesel Truck,Normal,Medium
RT-8c5292624f,Mersin,Denizli,Electric Semi,Normal,Low
RT-6a1047d9f8,Mersin,Denizli,Hybrid Van,Normal,High
RT-af185084ef,Mersin,Denizli,Hybrid Van,Storm,Low
RT-bdff775a84,Mersin,Diyarbakir,Diesel Truck,Normal,Medium
RT-20eea7301c,Mersin,Diyarbakir,Diesel Truck,Rain,Low
RT-12f620d1d2,Mersin,Diyarbakir,Electric Semi,Normal,Low
RT-427d6a173a,Mersin,Diyarbakir,Electric Semi,Storm,Low
RT-e1d8d3f529,Mersin,Diyarbakir,Hybrid Van,Normal,Low
RT-d94f659653,Mersin,Diyarbakir,Hybrid Van,Snow,High
RT-4c8183622a,Mersin,Erzurum,Diesel Truck,Normal,Low
RT-3cb24e6f53,Mersin,Erzurum,Diesel Truck,Normal,Medium
RT-ba89133d4d,Mersin,Erzurum,Hybrid Van,Rain,Low
RT-cccaefbd85,Mersin,Erzurum,Hybrid Van,Rain,Medium
RT-35390616af,Mersin,Eskisehir,Diesel Truck,Normal,Medium
RT-30241fcb24,Mersin,Eskisehir,Electric Semi,Normal,Low
RT-5d3aa69421,Mersin,Eskisehir,Electric Semi,Rain,Medium
RT-5d4ad86c92,Mersin,Gaziantep,Diesel Truck,Rain,Low
RT-89eea56df9,Mersin,Gaziantep,Electric Semi,Normal,Medium
RT-41049c7b8e,Mersin,Gaziantep,Hybrid Van,Normal,High
RT-cca2780d68,Mersin,Gaziantep,Hybrid Van,Normal,Medium
RT-b3b8987f50,Mersin,Istanbul,Diesel Truck,Normal,Low
RT-aff7316e7f,Mersin,Istanbul,Diesel Truck,Snow,High
RT-9a25eab3a4,Mersin,Istanbul,Hybrid Van,Snow,Low
RT-63877a2f26,Mersin,Izmir,Diesel Truck,Normal,High
RT-298ebc312c,Mersin,Izmir,Diesel Truck,Normal,Low
RT-6e7eac0945,Mersin,Izmir,Diesel Truck,Normal,Medium
RT-e51724eeab,Mersin,Izmir,Electric Semi,Normal,High
RT-5d7195f1c8,Mersin,Izmir,Electric Semi,Storm,Low
RT-e0f1c6eaf3,Mersin,Izmir,Hybrid Van,Normal,High
RT-93caee1148,Mersin,Kayseri,Diesel Truck,Normal,Medium
RT-088211b8dd,Mersin,Kayseri,Hybrid Van,Normal,Low
RT-b6ee3a284b,Mersin,Kocaeli,Diesel Truck,Normal,Low
RT-8c37a391d7,Mersin,Kocaeli,Diesel Truck,Rain,High
RT-8f48178403,Mersin,Kocaeli,Diesel Truck,Rain,Medium
RT-4f5a445b61,Mersin,Kocaeli,Electric Semi,Rain,Low
RT-f302bc37a3,Mersin,Konya,Diesel Truck,Normal,Medium
RT-004a1e9c70,Mersin,Konya,Electric Semi,Normal,Low
RT-1bdb2db4c4,Mersin,Konya,Electric Semi,Normal,Medium
RT-9cc96c6211,Mersin,Konya,Hybrid Van,Snow,Medium
RT-e5d081f8b3,Mersin,Malatya,Diesel Truck,Normal,Low
RT-7ed9bf4ad0,Mersin,Malatya,Diesel Truck,Snow,Low
RT-ab8f3befd5,Mersin,Malatya,Diesel Truck,Storm,Medium
RT-c1cc233a88,Mersin,Sakarya,Diesel Truck,Normal,Low
RT-e26df9b760,Mersin,Sakarya,Electric Semi,Normal,High
RT-845618082b,Mersin,Sakarya,Hybrid Van,Normal,Low
RT-cb4717c021,Mersin,Samsun,Diesel Truck,Normal,High
RT-0912a231c6,Mersin,Trabzon,Diesel Truck,Rain,Medium
RT-1856ad45b0,Mersin,Trabzon,Diesel Truck,Snow,High
RT-d804e7b4a4,Mersin,Trabzon,Electric Semi,Normal,Medium
RT-a0a97fd829,Mersin,Trabzon,Electric Semi,Rain,High
RT-acef5206f3,Mersin,Van,Diesel Truck,Normal,Medium
RT-1161fefa33,Mersin,Van,Diesel Truck,Rain,High
RT-1923da80ff,Sakarya,Adana,Diesel Truck,Normal,Low
RT-15375bfdaf,Sakarya,Adana,Diesel Truck,Rain,Low
RT-168cf450e7,Sakarya,Adana,Electric Semi,Snow,Medium
RT-ddebe1d8cd,Sakarya,Ankara,Diesel Truck,Normal,Low
RT-4ef9cc1553,Sakarya,Ankara,Diesel Truck,Normal,Medium
RT-0f034d0fe3,Sakarya,Ankara,Hybrid Van,Normal,Medium
RT-ef118edaff,Sakarya,Antalya,Diesel Truck,Normal,High
RT-f4ebd33744,Sakarya,Antalya,Diesel Truck,Normal,Low
RT-651639cfe3,Sakarya,Antalya,Diesel Truck,Normal,Medium
RT-506ac4afe1,Sakarya,Antalya,Hybrid Van,Normal,Low
RT-fd36e00fd4,Sakarya,Antalya,Hybrid Van,Normal,Medium
RT-93acd469ec,Sakarya,Antalya,Hybrid Van,Snow,High
RT-46ca6e85ab,Sakarya,Bursa,Diesel Truck,Normal,Low
RT-162f069f86,Sakarya,Bursa,Diesel Truck,Rain,Medium
RT-93151b9c36,Sakarya,Bursa,Electric Semi,Storm,High
RT-162f9d8ee6,Sakarya,Bursa,Electric Semi,Storm,Medium
RT-a9eb3b164d,Sakarya,Bursa,Hybrid Van,Normal,Medium
RT-9158630505,Sakarya,Bursa,Hybrid Van,Rain,Low
RT-c93ef9370b,Sakarya,Denizli,Diesel Truck,Normal,Low
RT-e0dcd05d88,Sakarya,Denizli,Diesel Truck,Rain,High
RT-7c0728f0fe,Sakarya,Denizli,Diesel Truck,Rain,Low
RT-800f987ffd,Sakarya,Denizli,Electric Semi,Rain,High
RT-016d7db13d,Sakarya,Denizli,Hybrid Van,Normal,Medium
RT-2d0d6d7f31,Sakarya,Diyarbakir,Diesel Truck,Normal,High
RT-4640a6949a,Sakarya,Diyarbakir,Diesel Truck,Normal,Medium
RT-c136659f3d,Sakarya,Diyarbakir,Diesel Truck,Rain,Medium
RT-8cbf14250e,Sakarya,Diyarbakir,Diesel Truck,Storm,Medium
RT-2132496bcd,Sakarya,Erzurum,Diesel Truck,Normal,High
RT-28e4da7991,Sakarya,Eskisehir,Diesel Truck,Normal,Low
RT-2f1104d7e3,Sakarya,Eskisehir,Electric Semi,Rain,High
RT-fa3738b4fe,Sakarya,Eskisehir,Hybrid Van,Normal,Medium
RT-59634939a5,Sakarya,Gaziantep,Diesel Truck,Storm,Low
RT-6a2cea7591,Sakarya,Gaziantep,Electric Semi,Rain,Low
RT-f9e71043c5,Sakarya,Gaziantep,Hybrid Van,Normal,Medium
RT-7b80259460,Sakarya,Gaziantep,Hybrid Van,Rain,Medium
RT-003db808a0,Sakarya,Istanbul,Diesel Truck,Normal,High
RT-695f31307b,Sakarya,Istanbul,Electric Semi,Rain,Medium
RT-c000599407,Sakarya,Istanbul,Hybrid Van,Normal,High
RT-ef8db1f969,Sakarya,Izmir,Diesel Truck,Normal,Medium
RT-21559630dc,Sakarya,Izmir,Hybrid Van,Normal,Low
RT-1b1a34ae04,Sakarya,Izmir,Hybrid Van,Snow,Medium
RT-6dd34e9c0c,Sakarya,Kayseri,Diesel Truck,Normal,Low
RT-805e488cca,Sakarya,Kayseri,Diesel Truck,Normal,Medium
RT-927815eb9e,Sakarya,Kayseri,Electric Semi,Normal,High
RT-2946e30355,Sakarya,Kayseri,Electric Semi,Rain,High
RT-b52f4608e8,Sakarya,Kayseri,Hybrid Van,Normal,Medium
RT-af3993fd91,Sakarya,Kocaeli,Diesel Truck,Normal,Low
RT-eef8b38ab6,Sakarya,Kocaeli,Diesel Truck,Storm,Low
RT-999908a559,Sakarya,Kocaeli,Hybrid Van,Normal,Low
RT-11f2f73c21,Sakarya,Kocaeli,Hybrid Van,Rain,Medium
RT-c0538180ec,Sakarya,Kocaeli,Hybrid Van,Snow,Low
RT-91bc5d65f0,Sakarya,Kocaeli,Hybrid Van,Storm,Low
RT-c65a6229be,Sakarya,Konya,Diesel Truck,Normal,High
RT-ed29f1415b,Sakarya,Konya,Diesel Truck,Normal,Low
RT-1f45fbd6cf,Sakarya,Konya,Diesel Truck,Normal,Medium
RT-4c35606a37,Sakarya,Konya,Electric Semi,Normal,Medium
RT-653b3a7d79,Sakarya,Konya,Hybrid Van,Normal,Medium
RT-dfcd2b6484,Sakarya,Konya,Hybrid Van,Snow,Medium
RT-033c887b58,Sakarya,Malatya,Diesel Truck,Normal,High
RT-a0273938a4,Sakarya,Malatya,Diesel Truck,Normal,Medium
RT-0cecdb0671,Sakarya,Malatya,Diesel Truck,Rain,Medium
RT-78040e4d8f,Sakarya,Malatya,Diesel Truck,Storm,Medium
RT-2e83ac184f,Sakarya,Malatya,Electric Semi,Normal,High
RT-7dd0bc488c,Sakarya,Malatya,Hybrid Van,Storm,Medium
RT-188de0b51f,Sakarya,Mersin,Diesel Truck,Normal,Low
RT-9476b9a586,Sakarya,Mersin,Electric Semi,Normal,Low
RT-09250346c3,Sakarya,Samsun,Diesel Truck,Normal,High
RT-76f48a05e6,Sakarya,Samsun,Diesel Truck,Normal,Medium
RT-bfac99bf00,Sakarya,Samsun,Diesel Truck,Storm,Low
RT-2a4214ee52,Sakarya,Samsun,Electric Semi,Normal,Medium
RT-e42ce95473,Sakarya,Trabzon,Diesel Truck,Normal,Medium
RT-a3dc471daa,Sakarya,Trabzon,Diesel Truck,Storm,Low
RT-66aa413a4d,Sakarya,Van,Diesel Truck,Normal,Low
RT-62f81bc4ea,Sakarya,Van,Diesel Truck,Snow,Medium
RT-4ac4602f90,Sakarya,Van,Electric Semi,Normal,Medium
RT-32796f3c4b,Sakarya,Van,Hybrid Van,Snow,High
RT-17efdf85a5,Samsun,Adana,Diesel Truck,Rain,Low
RT-0c7be9fc67,Samsun,Adana,Electric Semi,Snow,Medium
RT-c4d60f90d3,Samsun,Adana,Hybrid Van,Normal,High
RT-f5abddb5ba,Samsun,Ankara,Diesel Truck,Normal,Medium
RT-3d84993111,Samsun,Ankara,Electric Semi,Normal,High
RT-9e2a63439d,Samsun,Ankara,Electric Semi,Normal,Low
RT-ae2548f59b,Samsun,Ankara,Hybrid Van,Normal,Low
RT-9fe27aab0f,Samsun,Antalya,Diesel Truck,Normal,High
RT-9cdd291076,Samsun,Antalya,Diesel Truck,Normal,Medium
RT-b57f7def39,Samsun,Antalya,Hybrid Van,Normal,Low
RT-35c4caceec,Samsun,Bursa,Diesel Truck,Normal,Low
RT-076ef68a1c,Samsun,Bursa,Diesel Truck,Rain,Low
RT-219bb68aa5,Samsun,Bursa,Diesel Truck,Storm,Medium
RT-75f5fb28b6,Samsun,Bursa,Electric Semi,Normal,High
RT-68b4c18634,Samsun,Denizli,Diesel Truck,Normal,High
RT-4752f5c6b0,Samsun,Denizli,Diesel Truck,Snow,Medium
RT-2814521acb,Samsun,Denizli,Electric Semi,Rain,Low
RT-98cabc7d81,Samsun,Denizli,Hybrid Van,Normal,Medium
RT-3a182f830d,Samsun,Diyarbakir,Diesel Truck,Normal,High
RT-4364415d1c,Samsun,Diyarbakir,Diesel Truck,Normal,Low
RT-f8659eb1f6,Samsun,Diyarbakir,Electric Semi,Normal,Low
RT-7c27d8a6a3,Samsun,Diyarbakir,Hybrid Van,Normal,High
RT-739aeaa6a3,Samsun,Erzurum,Diesel Truck,Normal,Medium
RT-0827f340b7,Samsun,Erzurum,Hybrid Van,Normal,Medium
RT-d5a4f15f39,Samsun,Eskisehir,Diesel Truck,Normal,Low
RT-5048013676,Samsun,Eskisehir,Diesel Truck,Normal,Medium
RT-288aea4ba9,Samsun,Eskisehir,Electric Semi,Storm,Low
RT-040747061f,Samsun,Eskisehir,Hybrid Van,Normal,High
RT-b027b25d26,Samsun,Eskisehir,Hybrid Van,Rain,Low
RT-2522d2ba4d,Samsun,Eskisehir,Hybrid Van,Storm,Low
RT-b75e0fb8b6,Samsun,Gaziantep,Diesel Truck,Normal,High
RT-0f570920d4,Samsun,Gaziantep,Diesel Truck,Normal,Low
RT-f2b5371b5e,Samsun,Gaziantep,Diesel Truck,Normal,Medium
RT-2f80eea353,Samsun,Gaziantep,Diesel Truck,Rain,Medium
RT-1b6c742f99,Samsun,Gaziantep,Hybrid Van,Rain,High
RT-60ae8fe715,Samsun,Istanbul,Diesel Truck,Normal,Low
RT-c72225f91e,Samsun,Istanbul,Electric Semi,Rain,High
RT-2a85061698,Samsun,Istanbul,Hybrid Van,Normal,High
RT-7370e012e7,Samsun,Izmir,Diesel Truck,Normal,Low
RT-8b0f316258,Samsun,Izmir,Diesel Truck,Normal,Medium
RT-06bb351e3c,Samsun,Izmir,Hybrid Van,Normal,Medium
RT-65d550230c,Samsun,Kayseri,Diesel Truck,Normal,Low
RT-7e300130e2,Samsun,Kayseri,Diesel Truck,Normal,Medium
RT-d39da0d730,Samsun,Kayseri,Electric Semi,Normal,High
RT-d0305358dd,Samsun,Kocaeli,Diesel Truck,Rain,Medium
RT-27abb533a0,Samsun,Kocaeli,Electric Semi,Normal,Medium
RT-dde9866bf0,Samsun,Kocaeli,Electric Semi,Snow,High
RT-e44c9e2395,Samsun,Kocaeli,Hybrid Van,Normal,Low
RT-d061b9118c,Samsun,Konya,Diesel Truck,Snow,High
RT-37339c181f,Samsun,Konya,Hybrid Van,Normal,High
RT-83d40a741f,Samsun,Konya,Hybrid Van,Rain,High
RT-18f050df64,Samsun,Malatya,Diesel Truck,Normal,Low
RT-8c128e1dce,Samsun,Malatya,Diesel Truck,Snow,Medium
RT-ff124d50e8,Samsun,Malatya,Hybrid Van,Rain,Medium
RT-d3aff645cd,Samsun,Mersin,Diesel Truck,Normal,High
RT-6e9a8948b7,Samsun,Mersin,Diesel Truck,Rain,Low
RT-fe936620a2,Samsun,Mersin,Diesel Truck,Snow,Medium
RT-a11e859dbd,Samsun,Mersin,Electric Semi,Normal,Low
RT-00a76590ca,Samsun,Mersin,Electric Semi,Rain,High
RT-bc535f60be,Samsun,Mersin,Electric Semi,Rain,Medium
RT-00e85fb31e,Samsun,Mersin,Electric Semi,Storm,Medium
RT-47014d5347,Samsun,Mersin,Hybrid Van,Normal,Low
RT-41f92756d3,Samsun,Sakarya,Diesel Truck,Normal,High
RT-64161f4a59,Samsun,Sakarya,Electric Semi,Normal,Low
RT-105afac7e7,Samsun,Sakarya,Hybrid Van,Normal,High
RT-11ec05ecc5,Samsun,Sakarya,Hybrid Van,Normal,Medium
RT-c36644b380,Samsun,Trabzon,Diesel Truck,Normal,Medium
RT-593945cd23,Samsun,Trabzon,Diesel Truck,Rain,High
RT-f0c228dcb5,Samsun,Trabzon,Diesel Truck,Rain,Medium
RT-a9193d7521,Samsun,Trabzon,Hybrid Van,Normal,Medium
RT-4a8e46dc27,Samsun,Trabzon,Hybrid Van,Rain,Low
RT-6a6d7255a6,Samsun,Trabzon,Hybrid Van,Rain,Medium
RT-88798c3716,Samsun,Trabzon,Hybrid Van,Snow,Medium
RT-4875286f56,Samsun,Van,Diesel Truck,Normal,Low
RT-3a6188b742,Samsun,Van,Electric Semi,Normal,High
RT-2653b6048b,Samsun,Van,Electric Semi,Rain,High
RT-fd6ebd8670,Trabzon,Adana,Diesel Truck,Normal,High
RT-40979860ee,Trabzon,Adana,Electric Semi,Normal,Low
RT-a46724e632,Trabzon,Ankara,Diesel Truck,Normal,High
RT-1636bf759a,Trabzon,Ankara,Diesel Truck,Normal,Low
RT-9975c42434,Trabzon,Ankara,Diesel Truck,Rain,Low
RT-a2397dce75,Trabzon,Ankara,Electric Semi,Normal,Medium
RT-dddd9869ad,Trabzon,Ankara,Electric Semi,Snow,High
RT-37e0e1c3a6,Trabzon,Ankara,Hybrid Van,Rain,Medium
RT-b9a7875ac2,Trabzon,Antalya,Diesel Truck,Normal,Low
RT-a71342a676,Trabzon,Antalya,Diesel Truck,Normal,Medium
RT-1426de4eda,Trabzon,Antalya,Electric Semi,Rain,High
RT-714093c94b,Trabzon,Antalya,Hybrid Van,Normal,Low
RT-14a8dc7b67,Trabzon,Bursa,Diesel Truck,Normal,Medium
RT-c258759ad3,Trabzon,Bursa,Electric Semi,Snow,High
RT-0713849654,Trabzon,Denizli,Diesel Truck,Normal,Medium
RT-0b059b3a5d,Trabzon,Denizli,Diesel Truck,Rain,Low
RT-77fe3da414,Trabzon,Denizli,Electric Semi,Normal,Medium
RT-342526fb47,Trabzon,Denizli,Hybrid Van,Rain,Medium
RT-dc2a7987ec,Trabzon,Diyarbakir,Diesel Truck,Normal,Medium
RT-cb688f6a9d,Trabzon,Diyarbakir,Diesel Truck,Rain,High
RT-4223256fc8,Trabzon,Diyarbakir,Hybrid Van,Normal,Medium
RT-e9f6f8483b,Trabzon,Diyarbakir,Hybrid Van,Rain,Low
RT-412aa91e53,Trabzon,Diyarbakir,Hybrid Van,Storm,Low
RT-a139529f07,Trabzon,Erzurum,Diesel Truck,Normal,Low
RT-a9ac65e95d,Trabzon,Erzurum,Electric Semi,Normal,Low
RT-3cf21e077d,Trabzon,Erzurum,Electric Semi,Normal,Medium
RT-4d21ed2826,Trabzon,Erzurum,Hybrid Van,Normal,High
RT-d72f56085a,Trabzon,Erzurum,Hybrid Van,Rain,Medium
RT-2f6c4ae144,Trabzon,Eskisehir,Diesel Truck,Normal,High
RT-7005c62361,Trabzon,Eskisehir,Diesel Truck,Rain,High
RT-a0f50e7198,Trabzon,Gaziantep,Diesel Truck,Normal,High
RT-71ecc7a1a3,Trabzon,Gaziantep,Diesel Truck,Normal,Medium
RT-da7930aa34,Trabzon,Gaziantep,Diesel Truck,Rain,High
RT-57c2473ff7,Trabzon,Gaziantep,Electric Semi,Normal,Low
RT-f45d4baebf,Trabzon,Gaziantep,Hybrid Van,Rain,High
RT-121883a2e6,Trabzon,Gaziantep,Hybrid Van,Storm,Medium
RT-af472e59f9,Trabzon,Istanbul,Diesel Truck,Normal,Medium
RT-20ca401bb0,Trabzon,Istanbul,Diesel Truck,Rain,High
RT-c51ec59778,Trabzon,Istanbul,Diesel Truck,Rain,Medium
RT-e3accadd58,Trabzon,Istanbul,Electric Semi,Rain,High
RT-363525bb70,Trabzon,Izmir,Diesel Truck,Normal,High
RT-97499b37e5,Trabzon,Izmir,Diesel Truck,Rain,Medium
RT-06f0d51e26,Trabzon,Kayseri,Diesel Truck,Normal,High
RT-884b96d597,Trabzon,Kayseri,Diesel Truck,Normal,Low
RT-1056cd6e6e,Trabzon,Kayseri,Diesel Truck,Normal,Medium
RT-2c4e447f91,Trabzon,Kayseri,Electric Semi,Normal,Low
RT-55203c6a5f,Trabzon,Kocaeli,Diesel Truck,Normal,High
RT-522d9dbeaa,Trabzon,Kocaeli,Electric Semi,Rain,High
RT-d41996745b,Trabzon,Konya,Diesel Truck,Normal,Low
RT-0570b07670,Trabzon,Konya,Electric Semi,Snow,Low
RT-1fc3113bd7,Trabzon,Malatya,Diesel Truck,Rain,High
RT-e663f5b799,Trabzon,Malatya,Diesel Truck,Rain,Low
RT-e4a8e0a9cd,Trabzon,Malatya,Electric Semi,Snow,Medium
RT-a51ea51975,Trabzon,Malatya,Hybrid Van,Normal,Medium
RT-48a7f92f7b,Trabzon,Mersin,Diesel Truck,Normal,Low
RT-dcaaf4a2ad,Trabzon,Mersin,Electric Semi,Normal,Low
RT-3741e05492,Trabzon,Sakarya,Diesel Truck,Normal,Medium
RT-430158ee46,Trabzon,Sakarya,Electric Semi,Storm,Medium
RT-2208cd9e51,Trabzon,Sakarya,Hybrid Van,Storm,Medium
RT-3a8e91b74b,Trabzon,Samsun,Diesel Truck,Snow,Low
RT-cab79f1be4,Trabzon,Samsun,Electric Semi,Snow,High
RT-beb926d627,Trabzon,Van,Diesel Truck,Normal,Medium
RT-b78f9c8819,Trabzon,Van,Diesel Truck,Storm,Medium
RT-7bdfeae3aa,Van,Adana,Electric Semi,Normal,Medium
RT-20f15862e3,Van,Adana,Hybrid Van,Rain,Low
RT-a9699e0ac5,Van,Ankara,Electric Semi,Normal,Medium
RT-55555b0eb4,Van,Ankara,Electric Semi,Rain,Medium
RT-daf69b2466,Van,Ankara,Electric Semi,Storm,Medium
RT-22d1ea3bfa,Van,Ankara,Hybrid Van,Rain,Low
RT-72739cc641,Van,Antalya,Diesel Truck,Normal,Medium
RT-c943b4bce7,Van,Antalya,Diesel Truck,Snow,Medium
RT-cb46123dbb,Van,Antalya,Electric Semi,Snow,Low
RT-c38b6e328d,Van,Antalya,Hybrid Van,Normal,High
RT-29f293760a,Van,Bursa,Diesel Truck,Normal,High
RT-025e68d81d,Van,Bursa,Diesel Truck,Normal,Low
RT-f648e285c8,Van,Bursa,Diesel Truck,Normal,Medium
RT-5de0bc362f,Van,Bursa,Diesel Truck,Rain,Low
RT-eaa2110f44,Van,Bursa,Diesel Truck,Rain,Medium
RT-0fc9ef7384,Van,Bursa,Hybrid Van,Normal,Medium
RT-64d5c219bd,Van,Diyarbakir,Diesel Truck,Normal,Low
RT-cc395e014e,Van,Erzurum,Diesel Truck,Snow,Medium
RT-426a003636,Van,Erzurum,Electric Semi,Normal,Medium
RT-06d2cd2fe1,Van,Erzurum,Hybrid Van,Rain,High
RT-3e2fc36ffb,Van,Eskisehir,Diesel Truck,Normal,Low
RT-8c140705ff,Van,Eskisehir,Diesel Truck,Rain,Low
RT-8f1b04e40c,Van,Eskisehir,Diesel Truck,Snow,Low
RT-1a48a65caa,Van,Eskisehir,Diesel Truck,Snow,Medium
RT-340297eb0d,Van,Eskisehir,Diesel Truck,Storm,Medium
RT-5b6e5ec033,Van,Eskisehir,Hybrid Van,Rain,High
RT-307f59cf09,Van,Gaziantep,Diesel Truck,Normal,High
RT-b86365d1b4,Van,Gaziantep,Diesel Truck,Normal,Low
RT-9e3d881ef3,Van,Gaziantep,Diesel Truck,Normal,Medium
RT-a3674bf7f2,Van,Gaziantep,Diesel Truck,Rain,Medium
RT-2650fdde08,Van,Gaziantep,Diesel Truck,Snow,Medium
RT-b63fab53cb,Van,Gaziantep,Hybrid Van,Normal,Medium
RT-debad9fdc2,Van,Istanbul,Diesel Truck,Normal,High
RT-fdcb1ac27a,Van,Istanbul,Diesel Truck,Normal,Low
RT-08dc21fd9c,Van,Istanbul,Diesel Truck,Normal,Medium
RT-46518364b0,Van,Istanbul,Diesel Truck,Rain,Low
RT-bb70c49d2a,Van,Istanbul,Diesel Truck,Snow,High
RT-ff66a10041,Van,Istanbul,Hybrid Van,Normal,Low
RT-c8e953691c,Van,Izmir,Diesel Truck,Rain,Low
RT-7591cac03f,Van,Kayseri,Diesel Truck,Normal,Low
RT-669162613a,Van,Kayseri,Hybrid Van,Normal,Medium
RT-91864aa768,Van,Kocaeli,Diesel Truck,Normal,High
RT-495011deda,Van,Kocaeli,Diesel Truck,Normal,Low
RT-85e81330d9,Van,Konya,Diesel Truck,Normal,High
RT-1673b3ceaa,Van,Konya,Diesel Truck,Normal,Medium
RT-fc8955a1b5,Van,Konya,Diesel Truck,Snow,Low
RT-b4a2a61d5a,Van,Konya,Hybrid Van,Normal,High
RT-a3044adfe9,Van,Konya,Hybrid Van,Normal,Low
RT-bd3ac85c1a,Van,Konya,Hybrid Van,Snow,Medium
RT-c7f074fd5d,Van,Malatya,Diesel Truck,Normal,Medium
RT-ec7d659287,Van,Malatya,Electric Semi,Rain,Medium
RT-beb7bf8fb1,Van,Malatya,Electric Semi,Snow,Medium
RT-2ee64a7445,Van,Mersin,Electric Semi,Normal,Medium
RT-6dae326921,Van,Mersin,Hybrid Van,Snow,Low
RT-d1d7faed2e,Van,Sakarya,Diesel Truck,Normal,High
RT-a7dd81234c,Van,Samsun,Electric Semi,Normal,Medium
RT-93a63d81fc,Van,Trabzon,Hybrid Van,Normal,Low
