Shipment_ID,Date_ID,Vendor_ID,Route_ID,Weight_tons,Distance_km,Actual_Delay_Days,CO2_Emission_kg
SHP-00001,20250801,VEND-019,RT-00294,15.0,801.1,0,1028.03
SHP-00002,20250801,VEND-005,RT-00685,24.79,796.2,0,675.33
SHP-00003,20250801,VEND-010,RT-00076,6.79,945.1,1,501.99
SHP-00004,20250801,VEND-012,RT-00537,7.29,527.6,0,136.21
SHP-00005,20250802,VEND-013,RT-01262,3.22,364.5,0,45.0
SHP-00006,20250802,VEND-002,RT-00637,14.3,67.9,0,140.12
SHP-00007,20250802,VEND-014,RT-01020,15.72,287.6,0,368.09
SHP-00008,20250802,VEND-004,RT-00648,18.42,409.2,1,625.26
SHP-00009,20250803,VEND-019,RT-01316,9.05,254.9,0,219.25
SHP-00010,20250803,VEND-018,RT-00503,1.29,73.2,0,12.24
SHP-00011,20250803,VEND-024,RT-01303,16.17,231.1,0,141.18
SHP-00012,20250803,VEND-019,RT-00442,24.97,816.0,0,2701.85
SHP-00013,20250803,VEND-010,RT-00946,8.07,774.0,0,509.45
SHP-00014,20250803,VEND-025,RT-01086,5.41,1126.0,0,817.49
SHP-00015,20250804,VEND-011,RT-00155,7.76,967.9,1,1058.2
SHP-00016,20250804,VEND-009,RT-00768,11.21,702.9,0,1039.91
SHP-00017,20250804,VEND-023,RT-00179,7.02,208.2,0,57.31
SHP-00018,20250804,VEND-010,RT-00807,9.33,698.7,2,229.46
SHP-00019,20250805,VEND-002,RT-00998,16.32,120.8,0,276.17
SHP-00020,20250806,VEND-012,RT-01077,9.28,545.5,0,741.67
SHP-00021,20250806,VEND-020,RT-00121,10.51,498.8,0,717.56
SHP-00022,20250806,VEND-005,RT-00943,1.96,542.0,0,153.07
SHP-00023,20250806,VEND-012,RT-01141,23.03,371.8,0,1132.07
SHP-00024,20250806,VEND-004,RT-01223,10.77,838.7,0,337.23
SHP-00025,20250807,VEND-018,RT-00832,8.88,1017.1,2,1328.37
SHP-00026,20250808,VEND-012,RT-01053,3.08,933.8,0,417.9
SHP-00027,20250808,VEND-009,RT-00603,16.22,771.9,2,1827.33
SHP-00028,20250809,VEND-006,RT-00826,21.73,669.1,0,1961.94
SHP-00029,20250809,VEND-015,RT-01273,1.99,85.7,0,18.82
SHP-00030,20250809,VEND-017,RT-00981,4.49,881.4,0,520.64
SHP-00031,20250809,VEND-024,RT-01237,4.51,676.7,0,392.44
SHP-00032,20250809,VEND-011,RT-01332,15.45,361.4,0,207.46
SHP-00033,20250809,VEND-005,RT-00411,23.11,427.0,1,1340.2
SHP-00034,20250810,VEND-021,RT-00110,11.51,1125.9,0,1032.69
SHP-00035,20250810,VEND-016,RT-00040,9.25,768.0,1,582.86
SHP-00036,20250810,VEND-018,RT-00007,19.38,597.3,1,432.45
SHP-00037,20250811,VEND-003,RT-00632,18.82,764.1,0,1205.67
SHP-00038,20250811,VEND-008,RT-00265,6.92,525.8,1,485.38
SHP-00039,20250811,VEND-020,RT-01132,4.86,590.7,0,381.15
SHP-00040,20250812,VEND-021,RT-00058,9.59,383.9,0,555.43
SHP-00041,20250812,VEND-011,RT-00690,19.61,555.8,1,1497.01
SHP-00042,20250812,VEND-021,RT-00593,17.68,838.4,0,1928.24
SHP-00043,20250812,VEND-022,RT-00574,16.98,95.9,0,228.21
SHP-00044,20250812,VEND-010,RT-00269,20.91,964.3,0,3004.18
SHP-00045,20250812,VEND-023,RT-00701,7.65,375.4,0,430.52
SHP-00046,20250813,VEND-008,RT-01097,9.15,834.9,0,283.2
SHP-00047,20250813,VEND-006,RT-00388,2.02,789.1,0,211.46
SHP-00048,20250813,VEND-018,RT-00778,21.85,800.5,0,2313.03
SHP-00049,20250813,VEND-016,RT-01231,14.98,749.3,1,1463.58
SHP-00050,20250814,VEND-004,RT-00481,8.15,1153.0,0,324.21
SHP-00051,20250814,VEND-021,RT-00396,2.67,634.6,0,247.6
SHP-00052,20250814,VEND-005,RT-00626,18.36,892.2,1,709.57
SHP-00053,20250815,VEND-021,RT-01345,18.97,861.3,0,2246.44
SHP-00054,20250815,VEND-001,RT-00139,16.99,321.7,3,725.15
SHP-00055,20250816,VEND-020,RT-00661,5.89,375.8,0,174.51
SHP-00056,20250816,VEND-020,RT-01034,22.92,537.6,0,1577.02
SHP-00057,20250816,VEND-020,RT-00545,19.08,369.4,0,956.28
SHP-00058,20250816,VEND-017,RT-00094,16.79,471.8,0,1038.82
SHP-00059,20250817,VEND-012,RT-00557,16.62,499.6,0,1079.4
SHP-00060,20250817,VEND-018,RT-00604,22.7,744.4,0,2321.62
SHP-00061,20250818,VEND-007,RT-00031,23.28,302.9,0,935.82
SHP-00062,20250818,VEND-020,RT-01339,15.3,974.9,1,2038.25
SHP-00063,20250818,VEND-014,RT-00910,11.0,553.2,2,494.87
SHP-00064,20250819,VEND-012,RT-00141,9.73,862.2,0,1086.36
SHP-00065,20250819,VEND-013,RT-00717,20.66,143.7,0,394.61
SHP-00066,20250819,VEND-015,RT-00282,16.47,590.5,0,742.64
SHP-00067,20250819,VEND-001,RT-00691,2.85,82.5,0,40.2
SHP-00068,20250819,VEND-004,RT-00888,4.41,827.3,0,299.28
SHP-00069,20250820,VEND-007,RT-01073,22.6,445.3,0,1405.99
SHP-00070,20250820,VEND-003,RT-00783,22.23,1141.6,0,893.67
SHP-00071,20250821,VEND-011,RT-00360,23.84,422.7,0,879.71
SHP-00072,20250821,VEND-017,RT-00825,11.27,698.4,0,1091.79
SHP-00073,20250821,VEND-017,RT-00242,19.82,346.0,0,640.59
SHP-00074,20250821,VEND-012,RT-00039,20.88,763.1,0,600.74
SHP-00075,20250822,VEND-022,RT-00904,8.58,587.1,3,457.6
SHP-00076,20250822,VEND-015,RT-00419,4.49,476.2,0,297.55
SHP-00077,20250823,VEND-002,RT-00920,24.93,284.2,1,960.43
SHP-00078,20250823,VEND-020,RT-00740,1.73,178.2,2,52.22
SHP-00079,20250823,VEND-015,RT-00515,15.34,187.9,0,230.76
SHP-00080,20250823,VEND-016,RT-01074,16.61,1198.9,0,2555.11
SHP-00081,20250823,VEND-015,RT-00112,17.36,524.2,0,1225.47
SHP-00082,20250823,VEND-014,RT-00330,7.14,52.2,0,40.56
SHP-00083,20250823,VEND-003,RT-00164,18.32,1145.9,0,2910.41
SHP-00084,20250823,VEND-014,RT-00964,6.19,73.0,0,18.54
SHP-00085,20250824,VEND-020,RT-00406,20.9,531.4,0,1533.68
SHP-00086,20250824,VEND-008,RT-00046,6.26,875.1,0,194.5
SHP-00087,20250824,VEND-016,RT-00878,17.72,1101.8,0,2575.19
SHP-00088,20250825,VEND-001,RT-00881,19.8,869.8,0,2314.03
SHP-00089,20250825,VEND-009,RT-00300,5.53,583.2,0,436.15
SHP-00090,20250825,VEND-011,RT-00091,6.71,1170.6,0,1061.73
SHP-00091,20250825,VEND-025,RT-00938,19.7,95.2,0,285.27
SHP-00092,20250826,VEND-006,RT-00265,3.06,1184.9,0,504.92
SHP-00093,20250826,VEND-007,RT-00296,5.58,1026.8,0,228.5
SHP-00094,20250826,VEND-011,RT-00091,11.93,1118.3,0,1787.9
SHP-00095,20250826,VEND-025,RT-01162,23.32,343.0,0,1245.17
SHP-00096,20250826,VEND-022,RT-00531,14.49,213.8,0,442.77
SHP-00097,20250827,VEND-001,RT-00424,10.3,812.8,0,1137.16
SHP-00098,20250827,VEND-006,RT-00622,24.48,643.2,0,537.48
SHP-00099,20250827,VEND-021,RT-00634,12.13,651.6,3,1130.14
SHP-00100,20250827,VEND-002,RT-00539,11.41,1113.3,0,1081.98
SHP-00101,20250828,VEND-022,RT-00646,10.88,763.1,0,326.23
SHP-00102,20250828,VEND-008,RT-00102,8.49,407.7,0,286.01
SHP-00103,20250828,VEND-023,RT-01319,8.82,510.1,0,181.12
SHP-00104,20250829,VEND-008,RT-00956,17.51,203.5,0,469.65
SHP-00105,20250829,VEND-011,RT-00529,1.98,271.2,0,49.12
SHP-00106,20250830,VEND-017,RT-00353,17.36,214.9,0,301.23
SHP-00107,20250830,VEND-004,RT-00137,5.83,981.8,0,196.73
SHP-00108,20250831,VEND-014,RT-00096,10.22,860.6,0,1152.25
SHP-00109,20250831,VEND-013,RT-00907,4.52,659.9,0,415.83
SHP-00110,20250831,VEND-020,RT-00630,14.27,480.5,0,245.41
SHP-00111,20250831,VEND-025,RT-00971,18.5,818.8,0,2056.93
SHP-00112,20250901,VEND-017,RT-00140,9.51,984.8,0,336.09
SHP-00113,20250901,VEND-011,RT-01159,4.92,1063.4,0,744.72
SHP-00114,20250902,VEND-011,RT-00962,6.44,679.1,0,576.46
SHP-00115,20250902,VEND-011,RT-00497,20.63,992.9,3,3269.52
SHP-00116,20250902,VEND-021,RT-00214,7.42,638.0,0,703.0
SHP-00117,20250903,VEND-009,RT-00779,19.59,595.7,1,1640.9
SHP-00118,20250903,VEND-005,RT-01216,8.95,1045.2,1,833.2
SHP-00119,20250903,VEND-009,RT-01114,5.53,494.3,0,104.37
SHP-00120,20250904,VEND-001,RT-01032,18.46,505.3,0,761.06
SHP-00121,20250904,VEND-003,RT-00558,12.25,400.6,0,175.29
SHP-00122,20250904,VEND-003,RT-01147,1.75,646.5,0,102.2
SHP-00123,20250905,VEND-020,RT-00999,24.04,676.6,0,2082.34
SHP-00124,20250905,VEND-019,RT-00797,4.55,809.5,0,305.45
SHP-00125,20250905,VEND-018,RT-00653,9.48,545.1,2,500.92
SHP-00126,20250905,VEND-012,RT-01169,10.24,300.5,0,112.39
SHP-00127,20250906,VEND-018,RT-01006,12.75,1046.9,0,1814.74
SHP-00128,20250906,VEND-005,RT-01304,19.85,447.9,1,312.51
SHP-00129,20250906,VEND-023,RT-01050,1.15,1111.4,0,178.37
SHP-00130,20250906,VEND-013,RT-00233,23.38,288.5,0,890.72
SHP-00131,20250906,VEND-024,RT-00850,16.5,694.1,1,419.28
SHP-00132,20250907,VEND-004,RT-00381,23.82,667.1,0,1401.12
SHP-00133,20250907,VEND-013,RT-00489,20.62,1002.9,1,2733.5
SHP-00134,20250907,VEND-018,RT-00095,23.27,209.7,2,704.14
SHP-00135,20250908,VEND-013,RT-00608,15.42,1096.4,0,1372.07
SHP-00136,20250908,VEND-012,RT-00778,9.58,661.1,0,828.5
SHP-00137,20250909,VEND-005,RT-00134,11.63,724.0,2,1224.19
SHP-00138,20250910,VEND-010,RT-01019,16.79,636.7,4,401.5
SHP-00139,20250910,VEND-006,RT-00720,11.25,91.4,0,82.21
SHP-00140,20250910,VEND-008,RT-00334,18.56,621.7,0,1627.6
SHP-00141,20250911,VEND-018,RT-00462,3.2,353.1,0,154.77
SHP-00142,20250911,VEND-016,RT-00342,20.92,444.1,0,1197.67
SHP-00143,20250911,VEND-016,RT-01118,5.9,796.5,0,630.85
SHP-00144,20250911,VEND-010,RT-00565,23.65,622.4,0,1342.19
SHP-00145,20250911,VEND-024,RT-00376,4.73,157.2,0,66.58
SHP-00146,20250911,VEND-003,RT-01029,4.1,134.0,0,88.83
SHP-00147,20250912,VEND-009,RT-00083,20.49,263.5,0,715.68
SHP-00148,20250912,VEND-003,RT-00025,20.65,269.5,0,829.0
SHP-00149,20250912,VEND-009,RT-00952,18.73,749.5,0,1832.3
SHP-00150,20250913,VEND-025,RT-01182,24.05,254.5,0,778.91
SHP-00151,20250913,VEND-010,RT-00567,7.49,1064.0,0,1001.71
SHP-00152,20250913,VEND-023,RT-00766,20.84,291.2,0,552.12
SHP-00153,20250913,VEND-013,RT-01040,9.45,154.8,0,205.54
SHP-00154,20250913,VEND-018,RT-00895,13.9,1057.1,2,513.09
SHP-00155,20250914,VEND-012,RT-00301,11.69,389.6,0,625.44
SHP-00156,20250914,VEND-007,RT-00896,1.14,539.2,0,53.33
SHP-00157,20250914,VEND-020,RT-01107,14.79,1152.9,3,1456.65
SHP-00158,20250914,VEND-025,RT-00592,18.94,1136.0,0,3027.68
SHP-00159,20250915,VEND-007,RT-00957,5.19,872.2,0,647.44
SHP-00160,20250915,VEND-020,RT-00012,23.36,129.3,0,113.53
SHP-00161,20250915,VEND-007,RT-00638,13.73,732.3,0,1360.79
SHP-00162,20250916,VEND-018,RT-00697,5.28,1187.4,1,903.19
SHP-00163,20250916,VEND-020,RT-00377,16.5,1139.0,0,2418.54
SHP-00164,20250916,VEND-012,RT-01017,5.61,171.9,0,83.37
SHP-00165,20250916,VEND-019,RT-00171,2.52,505.4,0,183.32
SHP-00166,20250917,VEND-007,RT-01268,17.45,412.9,0,962.65
SHP-00167,20250917,VEND-002,RT-00887,3.66,199.2,0,114.34
SHP-00168,20250917,VEND-003,RT-00711,3.55,849.0,0,115.67
SHP-00169,20250917,VEND-012,RT-00777,18.76,364.9,0,1010.4
SHP-00170,20250918,VEND-023,RT-00307,2.32,446.6,0,88.61
SHP-00171,20250918,VEND-004,RT-01328,20.43,153.9,0,119.81
SHP-00172,20250918,VEND-012,RT-00406,20.11,622.7,0,1684.94
SHP-00173,20250918,VEND-018,RT-00096,4.39,231.9,1,142.87
SHP-00174,20250918,VEND-006,RT-00167,13.44,546.9,0,585.13
SHP-00175,20250919,VEND-019,RT-01065,3.32,214.8,0,64.28
SHP-00176,20250919,VEND-008,RT-00220,16.18,1146.9,1,2445.72
SHP-00177,20250919,VEND-021,RT-00847,2.51,216.7,0,81.33
SHP-00178,20250919,VEND-015,RT-00625,23.67,650.2,0,2223.08
SHP-00179,20250919,VEND-014,RT-00731,5.99,276.5,0,240.96
SHP-00180,20250920,VEND-005,RT-00650,17.39,137.8,2,343.35
SHP-00181,20250920,VEND-012,RT-00614,4.08,282.7,0,158.09
SHP-00182,20250920,VEND-022,RT-01110,6.03,113.0,0,96.96
SHP-00183,20250920,VEND-001,RT-00258,11.82,210.3,0,215.24
SHP-00184,20250921,VEND-019,RT-01307,14.75,617.5,0,730.25
SHP-00185,20250921,VEND-013,RT-00599,24.97,799.6,0,1701.62
SHP-00186,20250921,VEND-018,RT-00658,1.62,150.4,2,10.16
SHP-00187,20250921,VEND-017,RT-00899,1.01,557.2,1,21.52
SHP-00188,20250922,VEND-011,RT-00541,9.41,718.4,0,971.7
SHP-00189,20250922,VEND-008,RT-00719,9.79,319.4,0,114.22
SHP-00190,20250922,VEND-016,RT-00125,22.21,477.9,2,1521.94
SHP-00191,20250922,VEND-004,RT-00382,22.9,132.6,0,435.54
SHP-00192,20250922,VEND-015,RT-00851,22.13,303.2,0,609.76
SHP-00193,20250923,VEND-003,RT-00951,4.44,586.8,2,242.34
SHP-00194,20250923,VEND-017,RT-01093,10.89,1189.0,0,1648.58
SHP-00195,20250923,VEND-016,RT-00408,18.9,1195.7,1,775.95
SHP-00196,20250923,VEND-003,RT-00070,8.5,1176.6,0,1325.33
SHP-00197,20250924,VEND-019,RT-00820,16.92,536.5,0,1135.8
SHP-00198,20250924,VEND-011,RT-00655,6.69,142.8,0,135.54
SHP-00199,20250925,VEND-020,RT-00921,8.76,422.1,0,523.0
SHP-00200,20250925,VEND-002,RT-00843,21.65,323.4,0,248.38
SHP-00201,20250925,VEND-005,RT-00270,7.01,66.2,0,73.89
SHP-00202,20250925,VEND-013,RT-01346,24.14,159.5,0,501.93
SHP-00203,20250925,VEND-005,RT-01326,8.35,571.2,0,410.01
SHP-00204,20250926,VEND-009,RT-00578,1.56,440.6,0,99.18
SHP-00205,20250926,VEND-017,RT-00002,7.12,257.4,0,262.64
SHP-00206,20250927,VEND-004,RT-00236,5.11,873.5,0,612.94
SHP-00207,20250927,VEND-017,RT-01190,13.16,460.7,0,810.93
SHP-00208,20250928,VEND-003,RT-00735,3.71,1029.6,0,524.83
SHP-00209,20250928,VEND-005,RT-00028,16.03,327.1,0,187.65
SHP-00210,20250928,VEND-015,RT-00835,22.0,669.2,0,1218.27
SHP-00211,20250929,VEND-020,RT-01276,9.7,261.8,0,324.78
SHP-00212,20250929,VEND-005,RT-00853,5.04,619.6,0,438.98
SHP-00213,20250929,VEND-008,RT-00152,10.6,225.3,0,340.1
SHP-00214,20250929,VEND-024,RT-01130,19.86,235.8,0,392.52
SHP-00215,20250929,VEND-025,RT-00313,15.2,754.1,0,1554.1
SHP-00216,20250929,VEND-015,RT-01132,3.43,353.4,0,173.38
SHP-00217,20250930,VEND-012,RT-00775,13.89,248.2,0,300.2
SHP-00218,20250930,VEND-009,RT-00994,12.23,1119.2,0,490.92
SHP-00219,20250930,VEND-016,RT-00056,8.85,99.5,0,125.68
SHP-00220,20250930,VEND-015,RT-00363,3.64,699.9,2,389.56
SHP-00221,20251001,VEND-008,RT-00202,24.55,680.5,0,2101.97
SHP-00222,20251001,VEND-001,RT-00145,5.23,338.2,0,162.89
SHP-00223,20251001,VEND-004,RT-01186,5.63,570.7,0,494.71
SHP-00224,20251001,VEND-024,RT-00820,4.49,150.9,0,95.02
SHP-00225,20251002,VEND-011,RT-00533,14.68,879.5,2,447.92
SHP-00226,20251002,VEND-013,RT-00557,11.65,305.0,0,450.42
SHP-00227,20251002,VEND-012,RT-00976,6.99,272.4,0,251.99
SHP-00228,20251003,VEND-020,RT-00918,11.31,412.1,0,399.64
SHP-00229,20251003,VEND-002,RT-01206,17.16,1087.7,3,2759.64
SHP-00230,20251003,VEND-003,RT-00453,7.76,965.9,0,592.45
SHP-00231,20251003,VEND-007,RT-01217,22.97,1138.9,1,2053.73
SHP-00232,20251003,VEND-013,RT-00346,8.35,799.8,0,925.56
SHP-00233,20251003,VEND-017,RT-00459,5.76,812.4,0,174.7
SHP-00234,20251004,VEND-013,RT-01309,23.91,602.0,1,1305.57
SHP-00235,20251004,VEND-012,RT-00776,20.45,1091.0,0,864.94
SHP-00236,20251004,VEND-024,RT-01057,9.24,637.5,1,220.04
SHP-00237,20251004,VEND-005,RT-00219,21.19,458.3,1,1432.32
SHP-00238,20251004,VEND-015,RT-01176,13.45,786.4,1,1427.89
SHP-00239,20251004,VEND-014,RT-00428,9.32,678.1,0,215.41
SHP-00240,20251005,VEND-012,RT-00810,21.15,192.6,2,575.81
SHP-00241,20251005,VEND-021,RT-00898,19.05,501.6,0,1358.3
SHP-00242,20251005,VEND-007,RT-00707,8.15,410.3,0,500.28
SHP-00243,20251005,VEND-024,RT-00006,15.56,1023.9,0,2201.46
SHP-00244,20251006,VEND-009,RT-00150,9.87,485.7,3,414.53
SHP-00245,20251006,VEND-014,RT-01295,1.03,994.8,0,89.77
SHP-00246,20251007,VEND-014,RT-01165,24.08,558.7,0,1102.91
SHP-00247,20251007,VEND-022,RT-00723,14.19,916.5,0,1755.77
SHP-00248,20251007,VEND-011,RT-00103,15.36,205.6,1,439.22
SHP-00249,20251007,VEND-008,RT-01012,15.4,1113.3,0,1463.86
SHP-00250,20251008,VEND-001,RT-00467,14.22,602.6,0,1152.33
SHP-00251,20251008,VEND-010,RT-01113,7.96,348.8,0,100.42
SHP-00252,20251008,VEND-021,RT-00750,24.32,327.7,0,305.96
SHP-00253,20251009,VEND-001,RT-00079,15.92,354.8,0,834.29
SHP-00254,20251009,VEND-023,RT-00226,17.1,471.7,0,1171.75
SHP-00255,20251009,VEND-014,RT-01098,11.92,875.1,1,421.46
SHP-00256,20251009,VEND-004,RT-01102,7.91,1142.0,0,1238.68
SHP-00257,20251010,VEND-008,RT-00418,2.54,819.4,0,180.21
SHP-00258,20251010,VEND-014,RT-00140,9.41,679.2,0,236.81
SHP-00259,20251010,VEND-008,RT-00275,5.23,565.9,0,417.04
SHP-00260,20251010,VEND-003,RT-00490,16.89,1002.4,0,652.76
SHP-00261,20251011,VEND-017,RT-00471,22.1,1027.1,0,2976.82
SHP-00262,20251011,VEND-017,RT-00521,8.27,387.0,1,408.69
SHP-00263,20251011,VEND-003,RT-00700,8.99,1146.4,0,921.21
SHP-00264,20251011,VEND-008,RT-00123,17.09,504.4,0,305.8
SHP-00265,20251012,VEND-007,RT-00129,4.58,970.1,0,181.87
SHP-00266,20251012,VEND-017,RT-00329,23.31,1161.8,2,2489.9
SHP-00267,20251012,VEND-019,RT-00370,9.73,859.2,0,1205.04
SHP-00268,20251012,VEND-019,RT-01265,3.43,235.8,0,126.21
SHP-00269,20251012,VEND-024,RT-00584,5.19,724.1,0,499.31
SHP-00270,20251012,VEND-020,RT-01122,23.39,186.6,0,605.2
SHP-00271,20251012,VEND-009,RT-00133,6.93,957.5,2,977.75
SHP-00272,20251012,VEND-003,RT-00373,16.89,373.5,0,895.77
SHP-00273,20251012,VEND-016,RT-00978,4.75,849.5,0,166.13
SHP-00274,20251012,VEND-023,RT-00500,5.66,1096.6,0,795.53
SHP-00275,20251012,VEND-025,RT-01009,22.1,258.2,0,206.93
SHP-00276,20251013,VEND-006,RT-00865,4.55,501.8,0,192.71
SHP-00277,20251013,VEND-006,RT-00774,1.45,794.2,0,109.71
SHP-00278,20251013,VEND-001,RT-00906,13.03,532.6,0,851.01
SHP-00279,20251013,VEND-004,RT-00455,21.71,251.0,0,500.91
SHP-00280,20251014,VEND-014,RT-00290,8.82,83.4,1,61.13
SHP-00281,20251014,VEND-014,RT-00284,4.08,517.6,0,296.17
SHP-00282,20251014,VEND-010,RT-01294,24.57,796.6,3,2808.74
SHP-00283,20251014,VEND-008,RT-00091,17.24,710.1,0,1695.06
SHP-00284,20251014,VEND-021,RT-00848,21.42,229.7,0,181.33
SHP-00285,20251014,VEND-012,RT-00249,19.05,568.3,0,398.84
SHP-00286,20251014,VEND-021,RT-00331,17.76,474.9,0,1172.4
SHP-00287,20251016,VEND-025,RT-01059,10.23,365.3,0,303.78
SHP-00288,20251016,VEND-008,RT-01054,8.78,888.7,0,1027.81
SHP-00289,20251016,VEND-006,RT-00339,18.21,406.1,0,1112.74
SHP-00290,20251016,VEND-024,RT-01115,18.2,671.2,0,1051.09
SHP-00291,20251016,VEND-016,RT-00030,23.81,1111.7,0,2237.31
SHP-00292,20251017,VEND-008,RT-01305,14.65,670.2,0,812.67
SHP-00293,20251017,VEND-016,RT-00811,8.07,759.6,1,928.54
SHP-00294,20251017,VEND-013,RT-00243,12.75,134.2,0,232.58
SHP-00295,20251017,VEND-023,RT-00654,15.73,254.9,0,561.52
SHP-00296,20251017,VEND-007,RT-00188,11.24,166.1,0,268.81
SHP-00297,20251017,VEND-025,RT-00323,19.99,929.5,0,2479.89
SHP-00298,20251018,VEND-024,RT-01179,15.03,1011.3,0,1301.6
SHP-00299,20251018,VEND-005,RT-00903,1.23,264.4,0,13.08
SHP-00300,20251018,VEND-005,RT-00769,14.68,302.2,1,649.06
SHP-00301,20251018,VEND-014,RT-00374,16.21,421.7,0,966.99
SHP-00302,20251018,VEND-002,RT-00817,22.97,729.7,1,2307.02
SHP-00303,20251018,VEND-008,RT-00097,10.93,765.1,1,1325.88
SHP-00304,20251018,VEND-011,RT-00665,14.79,839.8,0,436.88
SHP-00305,20251019,VEND-025,RT-00790,12.4,1091.0,0,1790.96
SHP-00306,20251019,VEND-025,RT-01026,13.76,389.3,2,487.46
SHP-00307,20251019,VEND-004,RT-01014,2.62,807.6,3,332.98
SHP-00308,20251019,VEND-023,RT-00857,22.53,693.7,0,2332.78
SHP-00309,20251019,VEND-003,RT-01145,22.85,401.7,0,834.7
SHP-00310,20251020,VEND-019,RT-00845,14.15,1093.5,0,2129.24
SHP-00311,20251021,VEND-022,RT-00932,14.36,159.8,0,311.11
SHP-00312,20251021,VEND-023,RT-00338,2.38,868.8,0,77.58
SHP-00313,20251021,VEND-006,RT-01260,15.35,887.1,0,1994.81
SHP-00314,20251021,VEND-023,RT-00516,11.3,1102.6,0,1762.41
SHP-00315,20251021,VEND-003,RT-00230,18.02,646.4,0,1526.68
SHP-00316,20251021,VEND-013,RT-01253,2.13,419.9,0,126.52
SHP-00317,20251021,VEND-012,RT-00609,18.06,1001.9,0,2330.26
SHP-00318,20251021,VEND-008,RT-01146,7.89,936.4,2,1037.66
SHP-00319,20251021,VEND-001,RT-01124,16.64,625.4,1,923.09
SHP-00320,20251022,VEND-020,RT-01255,16.05,933.0,0,1222.01
SHP-00321,20251022,VEND-009,RT-00442,6.44,358.1,0,321.92
SHP-00322,20251022,VEND-017,RT-01152,11.57,727.9,0,1203.77
SHP-00323,20251023,VEND-011,RT-00655,21.06,1045.0,0,2901.85
SHP-00324,20251023,VEND-010,RT-01266,15.53,415.7,0,931.46
SHP-00325,20251023,VEND-023,RT-01088,2.65,606.1,0,216.14
SHP-00326,20251023,VEND-003,RT-00693,11.63,1143.7,0,1054.2
SHP-00327,20251024,VEND-019,RT-00714,8.48,967.9,0,1101.07
SHP-00328,20251024,VEND-019,RT-00590,16.4,1070.1,0,2306.3
SHP-00329,20251024,VEND-010,RT-00423,15.75,493.0,0,268.92
SHP-00330,20251024,VEND-007,RT-01158,1.25,1196.0,0,121.51
SHP-00331,20251024,VEND-001,RT-01331,15.58,225.5,0,460.72
SHP-00332,20251024,VEND-024,RT-01001,18.64,646.6,0,1605.82
SHP-00333,20251024,VEND-024,RT-00836,19.45,601.2,0,1077.42
SHP-00334,20251025,VEND-007,RT-00308,2.42,968.2,0,327.1
SHP-00335,20251025,VEND-001,RT-00954,8.29,1094.9,0,344.02
SHP-00336,20251025,VEND-004,RT-00088,11.11,890.8,0,417.29
SHP-00337,20251025,VEND-002,RT-00068,5.31,770.8,0,549.14
SHP-00338,20251026,VEND-021,RT-00886,11.1,541.5,0,834.34
SHP-00339,20251027,VEND-023,RT-00226,2.71,636.9,0,251.88
SHP-00340,20251027,VEND-004,RT-00182,3.72,635.7,1,363.06
SHP-00341,20251027,VEND-019,RT-00668,17.05,73.4,0,172.35
SHP-00342,20251027,VEND-005,RT-00544,7.3,628.5,2,368.86
SHP-00343,20251027,VEND-010,RT-00960,18.07,1034.4,2,734.55
SHP-00344,20251027,VEND-015,RT-00401,2.15,865.7,0,153.06
SHP-00345,20251027,VEND-018,RT-00067,14.5,965.1,0,1138.31
SHP-00346,20251028,VEND-022,RT-00854,10.39,499.1,0,178.16
SHP-00347,20251028,VEND-002,RT-01344,20.13,658.3,2,1968.12
SHP-00348,20251028,VEND-005,RT-00849,19.81,88.5,2,244.85
SHP-00349,20251028,VEND-008,RT-00560,10.01,490.4,0,190.15
SHP-00350,20251029,VEND-008,RT-00895,15.95,595.6,0,360.34
SHP-00351,20251029,VEND-025,RT-00513,6.46,343.5,3,335.98
SHP-00352,20251030,VEND-020,RT-01049,14.93,85.9,0,50.98
SHP-00353,20251030,VEND-009,RT-00415,2.95,844.0,2,339.1
SHP-00354,20251030,VEND-025,RT-01008,11.43,550.4,0,835.67
SHP-00355,20251030,VEND-013,RT-00627,5.39,528.0,0,241.44
SHP-00356,20251031,VEND-013,RT-00542,22.2,337.5,0,1016.63
SHP-00357,20251031,VEND-011,RT-00022,11.68,668.5,0,1116.9
SHP-00358,20251031,VEND-004,RT-01178,15.18,553.7,0,303.46
SHP-00359,20251101,VEND-024,RT-00564,9.65,595.1,0,217.14
SHP-00360,20251101,VEND-001,RT-00035,7.93,718.0,0,745.77
SHP-00361,20251101,VEND-005,RT-00941,5.87,57.3,0,12.27
SHP-00362,20251101,VEND-006,RT-00084,22.88,1093.9,0,3357.16
SHP-00363,20251101,VEND-007,RT-01151,20.19,131.8,0,107.84
SHP-00364,20251101,VEND-004,RT-00702,4.2,568.6,0,310.22
SHP-00365,20251101,VEND-001,RT-00048,18.92,288.5,1,415.64
SHP-00366,20251102,VEND-017,RT-00225,11.04,652.3,2,582.26
SHP-00367,20251102,VEND-025,RT-00263,1.37,372.3,0,79.18
SHP-00368,20251102,VEND-004,RT-00014,13.68,1039.0,0,1893.27
SHP-00369,20251102,VEND-008,RT-00472,4.12,505.8,0,302.24
SHP-00370,20251102,VEND-013,RT-00465,6.04,784.6,0,174.36
SHP-00371,20251102,VEND-024,RT-00011,17.7,336.2,0,234.33
SHP-00372,20251102,VEND-018,RT-01209,7.17,72.3,1,22.27
SHP-00373,20251102,VEND-020,RT-01299,22.41,514.8,0,1053.55
SHP-00374,20251102,VEND-015,RT-00181,16.77,667.0,1,1652.73
SHP-00375,20251102,VEND-011,RT-00459,20.97,578.5,1,444.65
SHP-00376,20251102,VEND-005,RT-00743,15.76,1156.3,0,2749.59
SHP-00377,20251103,VEND-022,RT-00143,21.85,862.9,1,652.75
SHP-00378,20251103,VEND-021,RT-00898,9.68,1195.0,0,1672.23
SHP-00379,20251103,VEND-001,RT-00678,14.18,389.3,0,479.88
SHP-00380,20251103,VEND-018,RT-00364,13.38,957.4,3,1598.93
SHP-00381,20251103,VEND-003,RT-00988,22.69,688.9,1,2175.54
SHP-00382,20251103,VEND-019,RT-00036,4.96,753.5,0,498.5
SHP-00383,20251103,VEND-021,RT-00409,14.87,1183.7,0,1607.54
SHP-00384,20251104,VEND-004,RT-01148,19.11,802.1,0,2013.8
SHP-00385,20251104,VEND-011,RT-00358,9.88,1083.6,0,1545.88
SHP-00386,20251104,VEND-004,RT-00379,21.82,884.6,0,2773.17
SHP-00387,20251104,VEND-015,RT-00828,9.95,196.5,0,280.56
SHP-00388,20251104,VEND-024,RT-00689,5.16,854.3,0,384.0
SHP-00389,20251104,VEND-003,RT-00441,15.02,607.0,0,715.8
SHP-00390,20251104,VEND-010,RT-01277,11.09,1106.6,0,1026.0
SHP-00391,20251104,VEND-025,RT-00491,1.36,977.9,0,110.5
SHP-00392,20251104,VEND-008,RT-01340,2.68,169.8,0,72.57
SHP-00393,20251105,VEND-004,RT-00232,5.69,204.0,0,166.25
SHP-00394,20251105,VEND-013,RT-01063,19.46,130.1,0,87.33
SHP-00395,20251105,VEND-013,RT-00238,22.41,617.2,0,500.49
SHP-00396,20251105,VEND-017,RT-00090,14.1,142.9,0,296.4
SHP-00397,20251106,VEND-008,RT-01313,3.53,882.2,0,110.92
SHP-00398,20251106,VEND-024,RT-00451,13.83,685.2,0,1206.64
SHP-00399,20251106,VEND-014,RT-00458,21.53,1011.3,0,2953.38
SHP-00400,20251106,VEND-008,RT-00993,18.99,371.8,0,944.58
SHP-00401,20251106,VEND-025,RT-01280,7.99,647.0,0,479.05
SHP-00402,20251106,VEND-024,RT-01197,3.97,185.1,0,28.73
SHP-00403,20251106,VEND-013,RT-01317,22.62,1067.3,0,3225.82
SHP-00404,20251107,VEND-001,RT-00867,21.5,251.3,1,460.5
SHP-00405,20251107,VEND-015,RT-01263,2.29,167.7,0,38.28
SHP-00406,20251107,VEND-014,RT-00157,20.77,285.8,0,780.03
SHP-00407,20251107,VEND-004,RT-00528,3.33,977.2,3,314.92
SHP-00408,20251107,VEND-016,RT-00402,2.52,171.7,0,66.82
SHP-00409,20251107,VEND-022,RT-00314,19.21,756.6,1,1921.96
SHP-00410,20251108,VEND-003,RT-00802,13.87,908.1,0,1712.14
SHP-00411,20251108,VEND-019,RT-00246,10.95,913.7,0,1311.78
SHP-00412,20251108,VEND-004,RT-00684,22.69,268.6,0,899.2
SHP-00413,20251109,VEND-019,RT-01271,21.14,120.9,0,353.22
SHP-00414,20251109,VEND-011,RT-00340,2.38,566.1,2,196.84
SHP-00415,20251109,VEND-001,RT-01085,15.79,282.9,0,174.93
SHP-00416,20251109,VEND-025,RT-01320,19.53,854.2,0,576.1
SHP-00417,20251110,VEND-005,RT-00815,14.21,460.2,2,894.24
SHP-00418,20251110,VEND-015,RT-00391,24.59,566.8,0,1850.64
SHP-00419,20251110,VEND-005,RT-00550,17.47,180.5,1,467.15
SHP-00420,20251110,VEND-024,RT-00588,3.5,702.7,0,214.41
SHP-00421,20251111,VEND-019,RT-00380,5.76,263.4,0,131.24
SHP-00422,20251111,VEND-021,RT-00085,20.83,830.8,0,2322.95
SHP-00423,20251111,VEND-011,RT-00822,24.92,131.8,0,113.89
SHP-00424,20251111,VEND-012,RT-00429,3.36,1172.3,0,146.59
SHP-00425,20251112,VEND-016,RT-00304,3.41,837.2,1,255.22
SHP-00426,20251112,VEND-020,RT-00450,19.32,259.0,0,726.39
SHP-00427,20251112,VEND-022,RT-00116,2.54,66.2,2,35.03
SHP-00428,20251112,VEND-001,RT-01198,2.65,434.6,0,44.14
SHP-00429,20251113,VEND-017,RT-01095,22.33,225.7,2,705.43
SHP-00430,20251113,VEND-003,RT-01266,20.21,301.2,0,824.92
SHP-00431,20251113,VEND-008,RT-00988,22.16,1053.7,0,3499.97
SHP-00432,20251113,VEND-021,RT-00757,16.61,743.7,0,1768.73
SHP-00433,20251114,VEND-007,RT-00298,8.74,252.9,0,88.1
SHP-00434,20251114,VEND-020,RT-01044,22.75,690.2,0,586.89
SHP-00435,20251114,VEND-012,RT-00984,8.17,344.1,0,403.28
SHP-00436,20251114,VEND-006,RT-00694,7.61,1172.6,0,717.83
SHP-00437,20251114,VEND-009,RT-00583,22.27,87.7,1,271.24
SHP-00438,20251114,VEND-014,RT-00131,17.34,892.2,0,1275.87
SHP-00439,20251115,VEND-020,RT-00514,22.5,938.9,0,2977.04
SHP-00440,20251115,VEND-016,RT-00146,4.74,127.2,3,61.08
SHP-00441,20251115,VEND-024,RT-00901,23.86,247.6,0,459.09
SHP-00442,20251115,VEND-022,RT-00361,15.71,492.0,3,703.23
SHP-00443,20251116,VEND-019,RT-00066,17.03,1048.4,0,1483.49
SHP-00444,20251116,VEND-016,RT-00695,22.94,667.5,1,2127.37
SHP-00445,20251116,VEND-008,RT-00686,10.14,803.6,2,309.63
SHP-00446,20251117,VEND-011,RT-00200,18.27,950.5,2,640.07
SHP-00447,20251117,VEND-003,RT-00471,16.37,1002.3,0,2197.01
SHP-00448,20251117,VEND-010,RT-01228,19.91,597.7,0,989.9
SHP-00449,20251117,VEND-024,RT-01336,22.53,635.1,0,2017.76
SHP-00450,20251118,VEND-011,RT-00180,17.32,875.7,0,1909.23
SHP-00451,20251118,VEND-003,RT-00020,2.62,352.8,0,91.99
SHP-00452,20251119,VEND-017,RT-00283,5.4,1032.7,0,759.9
SHP-00453,20251119,VEND-025,RT-00024,23.9,73.9,0,250.56
SHP-00454,20251119,VEND-022,RT-00885,24.25,275.1,0,882.62
SHP-00455,20251119,VEND-007,RT-00366,24.22,970.2,3,2175.36
SHP-00456,20251119,VEND-012,RT-00016,1.88,441.3,0,75.82
SHP-00457,20251119,VEND-014,RT-01101,10.18,222.3,1,355.13
SHP-00458,20251120,VEND-007,RT-01257,19.23,264.8,0,200.72
SHP-00459,20251120,VEND-007,RT-00596,19.07,660.4,0,470.52
SHP-00460,20251120,VEND-006,RT-00438,3.06,1023.1,0,115.93
SHP-00461,20251120,VEND-025,RT-01063,15.63,131.2,1,70.54
SHP-00462,20251120,VEND-019,RT-00231,4.43,85.1,0,38.13
SHP-00463,20251120,VEND-022,RT-01302,12.84,584.9,0,1086.72
SHP-00464,20251120,VEND-021,RT-00464,6.75,1149.6,1,1082.3
SHP-00465,20251120,VEND-024,RT-00671,2.28,370.9,0,33.57
SHP-00466,20251120,VEND-003,RT-00486,2.92,1153.0,0,519.49
SHP-00467,20251121,VEND-023,RT-00457,22.86,1070.8,0,3576.84
SHP-00468,20251121,VEND-002,RT-00397,18.87,375.6,0,1007.54
SHP-00469,20251121,VEND-012,RT-00621,23.36,989.5,0,2819.4
SHP-00470,20251121,VEND-015,RT-01236,12.28,838.7,1,924.43
SHP-00471,20251121,VEND-009,RT-01167,10.92,638.6,0,956.95
SHP-00472,20251122,VEND-004,RT-01245,9.6,536.4,0,198.06
SHP-00473,20251122,VEND-005,RT-01272,15.79,987.8,0,1235.41
SHP-00474,20251122,VEND-021,RT-01265,9.44,962.0,0,1346.5
SHP-00475,20251122,VEND-008,RT-01187,18.91,920.5,0,2283.98
SHP-00476,20251122,VEND-008,RT-00314,20.23,1198.0,0,3277.03
SHP-00477,20251122,VEND-024,RT-01155,22.02,600.3,0,1853.16
SHP-00478,20251122,VEND-004,RT-00655,6.83,978.0,0,943.81
SHP-00479,20251122,VEND-023,RT-00631,13.65,1041.9,0,509.91
SHP-00480,20251122,VEND-024,RT-01300,6.36,293.3,0,253.81
SHP-00481,20251123,VEND-015,RT-00482,1.9,98.4,0,31.95
SHP-00482,20251123,VEND-005,RT-00839,17.99,515.5,4,1323.83
SHP-00483,20251124,VEND-004,RT-00245,14.18,1035.2,0,2279.7
SHP-00484,20251124,VEND-008,RT-01128,18.37,382.5,0,966.67
SHP-00485,20251124,VEND-015,RT-00699,3.1,855.0,0,229.59
SHP-00486,20251124,VEND-004,RT-00042,24.89,58.5,0,210.15
SHP-00487,20251124,VEND-012,RT-00926,24.86,458.7,3,1729.8
SHP-00488,20251124,VEND-003,RT-00659,12.16,757.8,0,337.04
SHP-00489,20251125,VEND-014,RT-00390,21.79,199.2,4,183.11
SHP-00490,20251125,VEND-001,RT-01210,6.85,1081.1,0,262.53
SHP-00491,20251125,VEND-018,RT-00930,18.7,229.7,2,598.15
SHP-00492,20251125,VEND-002,RT-01200,22.1,1096.3,0,942.2
SHP-00493,20251125,VEND-005,RT-00680,20.55,298.8,0,931.11
SHP-00494,20251125,VEND-005,RT-01045,20.48,1193.4,2,2091.73
SHP-00495,20251125,VEND-021,RT-01175,12.11,745.5,0,1164.07
SHP-00496,20251126,VEND-002,RT-00950,20.68,147.0,0,112.69
SHP-00497,20251126,VEND-011,RT-00417,17.58,125.1,4,92.89
SHP-00498,20251126,VEND-015,RT-00205,4.18,136.2,0,25.07
SHP-00499,20251126,VEND-013,RT-00714,3.74,728.4,0,386.74
SHP-00500,20251126,VEND-018,RT-01193,19.53,981.0,1,698.02
SHP-00501,20251126,VEND-021,RT-00989,16.01,513.4,0,316.2
SHP-00502,20251126,VEND-010,RT-00069,13.47,561.6,0,1031.05
SHP-00503,20251127,VEND-021,RT-00669,22.77,727.7,0,2244.23
SHP-00504,20251127,VEND-008,RT-01312,16.83,663.0,0,1596.16
SHP-00505,20251128,VEND-025,RT-01081,10.51,841.3,0,1226.16
SHP-00506,20251129,VEND-013,RT-00277,10.93,592.6,0,549.43
SHP-00507,20251129,VEND-019,RT-01278,15.53,870.9,0,1961.41
SHP-00508,20251129,VEND-022,RT-00945,19.25,1196.9,0,861.04
SHP-00509,20251129,VEND-020,RT-00460,14.54,452.8,0,254.78
SHP-00510,20251129,VEND-022,RT-00586,13.21,64.0,0,35.93
SHP-00511,20251129,VEND-014,RT-00859,18.45,194.5,0,130.52
SHP-00512,20251129,VEND-002,RT-01174,17.93,686.5,0,433.83
SHP-00513,20251129,VEND-013,RT-00202,20.93,445.9,0,1130.53
SHP-00514,20251130,VEND-005,RT-00796,2.5,1131.0,2,389.02
SHP-00515,20251130,VEND-023,RT-00722,19.12,771.6,0,1156.79
SHP-00516,20251130,VEND-006,RT-01240,13.33,648.4,0,676.61
SHP-00517,20251201,VEND-006,RT-01138,2.79,967.7,0,407.26
SHP-00518,20251201,VEND-007,RT-01310,17.3,347.4,3,527.62
SHP-00519,20251201,VEND-017,RT-00900,18.2,992.7,0,1525.76
SHP-00520,20251201,VEND-015,RT-00580,13.57,53.5,1,121.48
SHP-00521,20251201,VEND-024,RT-01201,20.05,762.6,0,625.04
SHP-00522,20251201,VEND-011,RT-00316,8.21,1125.0,3,333.07
SHP-00523,20251201,VEND-008,RT-01341,5.85,956.0,0,794.02
SHP-00524,20251201,VEND-002,RT-00657,9.42,1031.7,0,1474.78
SHP-00525,20251202,VEND-001,RT-00153,10.84,506.5,1,746.68
SHP-00526,20251202,VEND-010,RT-00587,17.7,997.9,1,1668.21
SHP-00527,20251202,VEND-024,RT-00594,21.29,683.5,2,2089.26
SHP-00528,20251202,VEND-014,RT-00814,18.3,761.3,0,1251.64
SHP-00529,20251202,VEND-023,RT-01003,5.18,117.8,0,24.87
SHP-00530,20251202,VEND-003,RT-00660,9.79,281.8,0,105.27
SHP-00531,20251202,VEND-003,RT-00388,4.8,683.6,0,447.89
SHP-00532,20251202,VEND-021,RT-01251,17.48,117.6,0,285.1
SHP-00533,20251202,VEND-003,RT-01249,6.96,902.7,0,925.8
SHP-00534,20251202,VEND-002,RT-00306,13.61,1016.1,1,1862.69
SHP-00535,20251203,VEND-011,RT-00724,20.0,1108.4,4,3432.56
SHP-00536,20251203,VEND-024,RT-00548,17.1,167.0,0,386.98
SHP-00537,20251203,VEND-018,RT-00199,8.16,1130.7,3,1426.01
SHP-00538,20251203,VEND-003,RT-01222,8.99,127.8,0,44.8
SHP-00539,20251204,VEND-021,RT-00335,16.68,595.2,0,1413.59
SHP-00540,20251204,VEND-022,RT-01259,14.19,1016.3,0,1877.88
SHP-00541,20251204,VEND-021,RT-00947,3.31,130.9,0,47.38
SHP-00542,20251204,VEND-023,RT-00001,21.98,71.0,0,216.78
SHP-00543,20251204,VEND-006,RT-00767,13.3,78.7,0,100.1
SHP-00544,20251204,VEND-025,RT-00675,12.36,638.0,0,295.49
SHP-00545,20251204,VEND-009,RT-00532,5.76,983.3,1,770.44
SHP-00546,20251205,VEND-021,RT-00106,10.05,196.5,1,196.03
SHP-00547,20251205,VEND-015,RT-00760,8.99,193.3,1,158.69
SHP-00548,20251205,VEND-020,RT-00289,7.5,703.8,1,195.35
SHP-00549,20251205,VEND-016,RT-00086,14.62,319.4,3,708.24
SHP-00550,20251205,VEND-017,RT-01318,12.09,889.7,1,1547.65
SHP-00551,20251205,VEND-016,RT-00052,22.34,1142.1,0,3418.36
SHP-00552,20251205,VEND-020,RT-00628,23.59,930.9,0,1963.01
SHP-00553,20251205,VEND-019,RT-00349,6.27,1058.8,0,963.07
SHP-00554,20251205,VEND-004,RT-00872,3.4,647.5,0,313.61
SHP-00555,20251206,VEND-021,RT-01247,19.85,1007.2,0,2944.55
SHP-00556,20251206,VEND-014,RT-01099,24.88,260.3,0,843.34
SHP-00557,20251206,VEND-009,RT-00789,21.73,128.6,0,430.97
SHP-00558,20251206,VEND-013,RT-00412,1.57,804.3,0,178.54
SHP-00559,20251206,VEND-025,RT-00051,7.03,109.7,0,71.07
SHP-00560,20251206,VEND-022,RT-01221,2.04,1076.4,0,312.93
SHP-00561,20251206,VEND-021,RT-00223,20.7,845.3,0,2334.28
SHP-00562,20251207,VEND-012,RT-01278,14.95,1145.0,0,2482.44
SHP-00563,20251207,VEND-020,RT-00574,13.33,411.0,1,744.28
SHP-00564,20251207,VEND-010,RT-00286,14.31,609.1,1,337.9
SHP-00565,20251207,VEND-018,RT-00355,7.06,902.9,2,931.56
SHP-00566,20251208,VEND-016,RT-00969,15.44,329.2,2,471.7
SHP-00567,20251208,VEND-007,RT-00444,1.74,673.1,2,110.56
SHP-00568,20251208,VEND-007,RT-00745,16.5,808.4,0,1124.95
SHP-00569,20251208,VEND-002,RT-00747,18.63,1175.6,0,1821.01
SHP-00570,20251208,VEND-004,RT-00431,17.15,906.4,0,2173.86
SHP-00571,20251208,VEND-011,RT-00005,8.97,185.9,1,63.89
SHP-00572,20251208,VEND-012,RT-00645,20.83,596.6,0,1966.03
SHP-00573,20251208,VEND-005,RT-00618,18.17,727.1,1,1147.26
SHP-00574,20251208,VEND-011,RT-00378,4.08,218.6,0,130.72
SHP-00575,20251208,VEND-016,RT-00021,5.68,546.8,2,484.39
SHP-00576,20251209,VEND-006,RT-00100,16.29,376.6,2,826.48
SHP-00577,20251209,VEND-009,RT-00498,7.95,186.7,0,52.69
SHP-00578,20251209,VEND-010,RT-00241,3.87,638.8,2,86.12
SHP-00579,20251209,VEND-013,RT-00044,4.72,240.5,0,176.9
SHP-00580,20251210,VEND-010,RT-00624,4.97,729.1,0,465.16
SHP-00581,20251210,VEND-019,RT-01242,12.47,245.2,0,489.74
SHP-00582,20251210,VEND-009,RT-01069,15.58,882.1,3,1119.33
SHP-00583,20251210,VEND-011,RT-01001,5.23,274.5,0,201.56
SHP-00584,20251210,VEND-010,RT-00944,18.1,1080.7,0,2477.63
SHP-00585,20251210,VEND-005,RT-00190,7.74,80.1,0,24.42
SHP-00586,20251210,VEND-018,RT-00268,8.48,650.3,1,223.78
SHP-00587,20251211,VEND-006,RT-00162,6.36,418.1,0,230.22
SHP-00588,20251211,VEND-008,RT-00783,19.84,308.8,0,213.75
SHP-00589,20251211,VEND-020,RT-00093,24.04,592.3,1,1219.65
SHP-00590,20251211,VEND-024,RT-01075,12.82,1018.3,0,1801.19
SHP-00591,20251211,VEND-017,RT-00963,2.01,1102.6,0,326.96
SHP-00592,20251211,VEND-023,RT-01134,7.25,398.7,0,242.1
SHP-00593,20251211,VEND-022,RT-01285,4.79,227.4,0,167.67
SHP-00594,20251211,VEND-013,RT-01011,21.23,878.2,0,1553.5
SHP-00595,20251211,VEND-020,RT-01084,3.04,719.3,0,289.27
SHP-00596,20251212,VEND-009,RT-00317,24.2,281.2,0,967.9
SHP-00597,20251212,VEND-012,RT-00961,15.12,924.3,0,1982.02
SHP-00598,20251212,VEND-014,RT-00692,13.43,646.8,0,320.55
SHP-00599,20251212,VEND-025,RT-00371,21.34,801.4,0,1402.29
SHP-00600,20251212,VEND-022,RT-00615,1.66,463.2,1,106.98
SHP-00601,20251212,VEND-013,RT-00536,19.65,555.0,0,1551.59
SHP-00602,20251212,VEND-017,RT-00489,3.8,257.4,0,137.75
SHP-00603,20251212,VEND-006,RT-00772,21.18,920.0,0,2674.02
SHP-00604,20251212,VEND-021,RT-00082,13.7,230.6,0,461.0
SHP-00605,20251213,VEND-014,RT-00041,2.47,945.0,2,228.39
SHP-00606,20251213,VEND-014,RT-01078,21.0,967.7,3,3070.82
SHP-00607,20251213,VEND-020,RT-00443,1.66,908.6,0,216.69
SHP-00608,20251213,VEND-016,RT-00447,4.32,72.3,1,53.81
SHP-00609,20251213,VEND-002,RT-00866,20.15,364.1,0,1090.67
SHP-00610,20251213,VEND-008,RT-01290,12.16,588.6,0,975.07
SHP-00611,20251214,VEND-005,RT-01071,22.15,734.9,3,595.39
SHP-00612,20251214,VEND-019,RT-01052,16.25,1107.1,3,703.06
SHP-00613,20251214,VEND-001,RT-00393,15.96,481.9,0,665.41
SHP-00614,20251215,VEND-006,RT-00317,8.01,1056.3,0,1160.32
SHP-00615,20251215,VEND-015,RT-01205,4.21,237.9,0,36.63
SHP-00616,20251215,VEND-018,RT-00785,24.07,477.0,0,1027.12
SHP-00617,20251216,VEND-013,RT-00523,3.52,110.1,0,38.0
SHP-00618,20251216,VEND-022,RT-01133,13.7,903.9,0,1042.75
SHP-00619,20251216,VEND-023,RT-00765,7.54,223.3,0,246.07
SHP-00620,20251216,VEND-004,RT-00678,7.34,345.6,0,226.4
SHP-00621,20251216,VEND-024,RT-00733,15.27,941.5,0,1308.68
SHP-00622,20251216,VEND-016,RT-00688,20.15,664.9,0,1165.07
SHP-00623,20251216,VEND-016,RT-00794,19.65,66.1,2,53.79
SHP-00624,20251217,VEND-003,RT-01287,21.85,52.6,0,100.85
SHP-00625,20251217,VEND-016,RT-00372,8.03,637.3,0,700.61
SHP-00626,20251217,VEND-019,RT-00204,12.18,400.7,0,167.65
SHP-00627,20251217,VEND-015,RT-01144,1.22,257.4,0,13.85
SHP-00628,20251217,VEND-003,RT-00345,18.92,755.6,0,543.94
SHP-00629,20251218,VEND-014,RT-00076,8.26,312.7,0,217.09
SHP-00630,20251218,VEND-024,RT-00015,14.48,731.0,0,1409.19
SHP-00631,20251218,VEND-019,RT-00935,5.06,486.2,0,367.34
SHP-00632,20251218,VEND-004,RT-01001,20.67,264.8,0,705.65
SHP-00633,20251219,VEND-024,RT-00434,20.61,208.8,0,171.0
SHP-00634,20251219,VEND-024,RT-00400,22.06,322.4,0,281.16
SHP-00635,20251219,VEND-005,RT-01185,2.1,84.3,0,18.59
SHP-00636,20251219,VEND-021,RT-00813,24.82,404.3,0,797.42
SHP-00637,20251219,VEND-011,RT-00936,6.95,1087.2,2,291.11
SHP-00638,20251219,VEND-015,RT-01127,8.43,1006.1,3,1206.81
SHP-00639,20251219,VEND-012,RT-00078,6.98,477.8,0,128.61
SHP-00640,20251219,VEND-020,RT-00602,7.42,712.2,0,436.04
SHP-00641,20251219,VEND-025,RT-00713,14.26,702.5,0,422.65
SHP-00642,20251220,VEND-020,RT-00798,6.76,1003.0,0,618.7
SHP-00643,20251220,VEND-024,RT-00620,10.45,321.7,0,318.16
SHP-00644,20251220,VEND-024,RT-00237,16.73,390.8,0,993.09
SHP-00645,20251220,VEND-003,RT-00054,21.06,397.1,1,326.99
SHP-00646,20251220,VEND-007,RT-01018,17.63,97.0,0,228.95
SHP-00647,20251220,VEND-019,RT-00819,15.26,411.9,3,876.91
SHP-00648,20251220,VEND-015,RT-00387,4.55,1059.6,0,690.37
SHP-00649,20251220,VEND-002,RT-00425,20.59,1098.8,0,3181.61
SHP-00650,20251220,VEND-003,RT-00480,1.89,176.1,0,53.8
SHP-00651,20251220,VEND-014,RT-00033,7.34,576.8,0,153.53
SHP-00652,20251221,VEND-016,RT-00967,2.37,488.6,0,175.75
SHP-00653,20251221,VEND-005,RT-00487,17.02,612.8,2,1479.19
SHP-00654,20251222,VEND-005,RT-01323,9.84,687.9,0,895.56
SHP-00655,20251222,VEND-004,RT-00055,16.65,73.3,2,177.08
SHP-00656,20251223,VEND-015,RT-00195,9.33,1018.6,3,871.69
SHP-00657,20251223,VEND-001,RT-00852,11.94,1169.7,0,1990.03
SHP-00658,20251223,VEND-015,RT-00433,11.99,801.4,0,1401.3
SHP-00659,20251223,VEND-012,RT-00474,2.09,809.5,0,144.18
SHP-00660,20251223,VEND-012,RT-00865,11.33,657.2,0,625.5
SHP-00661,20251224,VEND-017,RT-00712,16.39,434.4,0,302.33
SHP-00662,20251224,VEND-014,RT-01061,14.11,221.3,0,273.71
SHP-00663,20251224,VEND-019,RT-00526,2.81,721.7,0,290.93
SHP-00664,20251224,VEND-020,RT-00855,17.03,101.7,0,161.49
SHP-00665,20251224,VEND-024,RT-00909,8.41,998.2,0,1144.39
SHP-00666,20251225,VEND-020,RT-00915,1.35,534.0,1,117.01
SHP-00667,20251225,VEND-013,RT-00130,4.73,527.0,0,346.21
SHP-00668,20251226,VEND-013,RT-00595,12.94,426.2,0,427.24
SHP-00669,20251226,VEND-006,RT-00314,8.45,1164.8,0,1372.25
SHP-00670,20251226,VEND-015,RT-00213,17.67,251.2,0,618.12
SHP-00671,20251226,VEND-004,RT-01324,6.78,224.0,3,249.68
SHP-00672,20251226,VEND-024,RT-00117,19.55,240.4,0,193.8
SHP-00673,20251227,VEND-022,RT-00858,7.88,807.3,0,866.87
SHP-00674,20251227,VEND-003,RT-00799,15.9,1190.7,0,2630.99
SHP-00675,20251227,VEND-020,RT-00391,20.18,320.8,0,837.43
SHP-00676,20251227,VEND-003,RT-00974,10.25,1091.5,0,972.49
SHP-00677,20251227,VEND-019,RT-01168,2.12,370.4,0,124.29
SHP-00678,20251228,VEND-003,RT-01286,13.85,795.1,2,1070.33
SHP-00679,20251228,VEND-013,RT-00321,24.89,96.6,2,347.41
SHP-00680,20251228,VEND-017,RT-01164,24.26,620.0,1,2272.34
SHP-00681,20251228,VEND-019,RT-00256,6.3,802.8,0,665.79
SHP-00682,20251229,VEND-011,RT-01043,19.14,666.8,0,1801.24
SHP-00683,20251229,VEND-024,RT-00215,9.28,323.5,0,447.0
SHP-00684,20251229,VEND-020,RT-00792,4.85,1002.8,0,691.41
SHP-00685,20251229,VEND-006,RT-01254,16.98,1165.7,0,1639.5
SHP-00686,20251229,VEND-017,RT-00166,13.02,578.1,1,1104.66
SHP-00687,20251230,VEND-019,RT-00202,13.94,781.3,0,1481.77
SHP-00688,20251230,VEND-009,RT-00407,20.86,959.0,5,3002.71
SHP-00689,20251230,VEND-019,RT-00035,9.08,327.7,0,419.4
SHP-00690,20251230,VEND-023,RT-00261,17.01,1044.1,0,2319.22
SHP-00691,20251230,VEND-021,RT-00531,9.79,372.2,0,516.94
SHP-00692,20251230,VEND-020,RT-00524,2.03,942.2,0,258.12
SHP-00693,20251231,VEND-016,RT-00351,10.07,178.9,1,235.43
SHP-00694,20260102,VEND-007,RT-01103,23.8,381.6,0,829.13
SHP-00695,20260102,VEND-020,RT-01298,12.6,663.7,0,339.9
SHP-00696,20260104,VEND-010,RT-00892,3.6,653.7,0,195.14
SHP-00697,20260104,VEND-014,RT-00568,17.51,1028.0,0,2433.43
SHP-00698,20260104,VEND-008,RT-00991,24.12,1195.5,0,2795.36
SHP-00699,20260104,VEND-008,RT-00562,22.79,173.3,0,594.82
SHP-00700,20260105,VEND-004,RT-00611,14.73,362.1,0,814.14
SHP-00701,20260105,VEND-025,RT-00404,10.03,461.2,0,415.39
SHP-00702,20260105,VEND-004,RT-00973,14.94,600.8,0,1296.66
SHP-00703,20260105,VEND-003,RT-00935,20.58,618.0,0,1873.43
SHP-00704,20260105,VEND-024,RT-00499,21.67,1034.6,0,1747.06
SHP-00705,20260106,VEND-014,RT-00439,20.65,936.1,0,799.99
SHP-00706,20260106,VEND-011,RT-01119,11.93,71.7,0,130.77
SHP-00707,20260106,VEND-019,RT-00656,3.85,573.3,0,299.23
SHP-00708,20260107,VEND-010,RT-00310,14.66,760.8,0,1536.35
SHP-00709,20260107,VEND-004,RT-00278,4.75,579.5,3,235.63
SHP-00710,20260108,VEND-019,RT-00420,2.46,200.2,2,77.19
SHP-00711,20260108,VEND-005,RT-00120,12.97,507.1,0,984.82
SHP-00712,20260109,VEND-014,RT-01293,16.73,523.4,0,1244.99
SHP-00713,20260109,VEND-024,RT-00259,21.5,265.9,0,427.95
SHP-00714,20260109,VEND-024,RT-01038,19.79,919.8,0,1549.78
SHP-00715,20260109,VEND-010,RT-00183,21.57,419.6,0,1417.73
SHP-00716,20260109,VEND-020,RT-00394,19.24,727.3,0,1228.1
SHP-00717,20260110,VEND-016,RT-00064,17.88,643.1,1,1766.29
SHP-00718,20260111,VEND-012,RT-00520,1.24,1059.0,0,115.86
SHP-00719,20260111,VEND-004,RT-00099,16.03,190.3,0,403.62
SHP-00720,20260111,VEND-010,RT-00801,3.89,181.4,2,117.97
SHP-00721,20260111,VEND-017,RT-00482,2.41,395.4,0,130.11
SHP-00722,20260112,VEND-025,RT-00484,4.75,545.9,0,214.79
SHP-00723,20260113,VEND-001,RT-00198,20.76,393.3,3,692.88
SHP-00724,20260113,VEND-018,RT-00065,18.85,927.7,1,622.66
SHP-00725,20260114,VEND-022,RT-01023,23.77,332.1,2,1182.72
SHP-00726,20260114,VEND-024,RT-00829,24.5,147.5,0,572.43
SHP-00727,20260114,VEND-011,RT-01204,22.44,525.9,0,1753.33
SHP-00728,20260115,VEND-003,RT-00742,4.19,939.4,0,569.92
SHP-00729,20260115,VEND-007,RT-01100,22.08,1028.1,0,3146.7
SHP-00730,20260115,VEND-022,RT-00148,21.13,893.3,4,765.88
SHP-00731,20260115,VEND-022,RT-00942,21.91,691.6,2,563.13
SHP-00732,20260116,VEND-016,RT-00422,4.64,882.8,2,392.3
SHP-00733,20260116,VEND-004,RT-00348,3.8,833.6,1,430.81
SHP-00734,20260116,VEND-004,RT-00037,23.17,319.5,0,1087.13
SHP-00735,20260117,VEND-012,RT-00485,5.17,683.4,0,479.15
SHP-00736,20260117,VEND-015,RT-00063,9.85,936.2,0,1184.54
SHP-00737,20260117,VEND-001,RT-00883,11.94,414.7,0,182.11
SHP-00738,20260118,VEND-018,RT-00151,3.99,802.1,1,273.44
SHP-00739,20260118,VEND-014,RT-00251,1.5,603.7,0,125.11
SHP-00740,20260118,VEND-001,RT-00782,24.86,628.6,0,2132.98
SHP-00741,20260118,VEND-003,RT-00889,22.04,153.6,0,283.24
SHP-00742,20260118,VEND-012,RT-00358,22.9,816.1,0,2680.98
SHP-00743,20260118,VEND-019,RT-00043,7.83,1045.5,0,1295.67
SHP-00744,20260118,VEND-021,RT-01000,6.28,212.6,0,56.84
SHP-00745,20260119,VEND-011,RT-01235,11.22,471.0,0,207.05
SHP-00746,20260119,VEND-008,RT-00127,11.88,106.0,1,181.13
SHP-00747,20260119,VEND-025,RT-00511,1.13,84.1,0,11.55
SHP-00748,20260119,VEND-012,RT-00823,19.7,1188.1,0,1949.0
SHP-00749,20260120,VEND-008,RT-00003,24.92,617.5,2,2371.17
SHP-00750,20260120,VEND-012,RT-00800,13.69,458.8,0,876.1
SHP-00751,20260120,VEND-001,RT-00923,10.32,366.1,0,157.01
SHP-00752,20260121,VEND-008,RT-01279,10.43,1177.0,0,447.65
SHP-00753,20260122,VEND-013,RT-00863,3.31,340.1,2,167.53
SHP-00754,20260122,VEND-023,RT-01067,7.39,884.6,0,960.24
SHP-00755,20260122,VEND-019,RT-00601,13.05,376.3,0,190.06
SHP-00756,20260123,VEND-020,RT-00013,11.36,131.1,2,213.78
SHP-00757,20260123,VEND-014,RT-00788,14.08,835.8,0,1658.2
SHP-00758,20260123,VEND-003,RT-00751,21.38,51.9,1,165.34
SHP-00759,20260123,VEND-010,RT-00894,6.41,827.1,0,701.98
SHP-00760,20260124,VEND-025,RT-00860,1.66,337.9,0,56.77
SHP-00761,20260125,VEND-002,RT-00144,1.92,908.0,4,76.26
SHP-00762,20260125,VEND-022,RT-01195,4.22,935.2,0,561.84
SHP-00763,20260125,VEND-018,RT-00703,14.69,882.7,0,1094.84
SHP-00764,20260126,VEND-008,RT-00758,20.4,78.2,0,253.57
SHP-00765,20260126,VEND-020,RT-01136,22.28,859.3,0,2775.79
SHP-00766,20260126,VEND-021,RT-00403,16.24,1188.7,1,2709.58
SHP-00767,20260126,VEND-002,RT-00312,10.68,329.0,4,137.49
SHP-00768,20260126,VEND-003,RT-00519,4.71,365.4,0,66.65
SHP-00769,20260126,VEND-017,RT-00111,10.63,985.6,0,884.8
SHP-00770,20260126,VEND-025,RT-00911,8.98,234.5,0,300.09
SHP-00771,20260126,VEND-001,RT-00309,21.88,809.7,0,2394.9
SHP-00772,20260127,VEND-017,RT-00416,12.68,918.3,0,1554.46
SHP-00773,20260127,VEND-004,RT-00838,6.43,92.7,3,62.88
SHP-00774,20260127,VEND-017,RT-01016,7.93,686.8,1,769.68
SHP-00775,20260128,VEND-016,RT-00576,4.28,712.3,2,128.47
SHP-00776,20260128,VEND-003,RT-00285,23.05,399.0,0,337.67
SHP-00777,20260128,VEND-018,RT-00107,2.21,1057.8,3,330.59
SHP-00778,20260129,VEND-023,RT-00827,1.31,237.2,0,50.52
SHP-00779,20260129,VEND-022,RT-00337,5.39,468.8,3,406.01
SHP-00780,20260129,VEND-001,RT-00559,20.46,1026.0,0,857.13
SHP-00781,20260130,VEND-007,RT-01120,13.56,269.2,0,308.55
SHP-00782,20260130,VEND-007,RT-00546,16.02,994.6,0,2364.85
SHP-00783,20260130,VEND-012,RT-00071,9.59,140.9,0,111.02
SHP-00784,20260130,VEND-004,RT-00142,2.65,612.6,0,222.05
SHP-00785,20260130,VEND-022,RT-00535,21.55,136.6,1,419.15
SHP-00786,20260131,VEND-020,RT-00330,5.61,829.6,2,448.22
SHP-00787,20260131,VEND-021,RT-00253,1.79,959.2,0,140.97
SHP-00788,20260131,VEND-005,RT-00585,14.74,1027.3,2,2182.26
SHP-00789,20260131,VEND-001,RT-00812,3.0,1178.5,0,142.3
SHP-00790,20260131,VEND-023,RT-01225,3.3,822.8,0,241.15
SHP-00791,20260201,VEND-008,RT-00264,20.21,934.4,0,1681.88
SHP-00792,20260201,VEND-017,RT-00452,12.8,631.6,0,304.31
SHP-00793,20260201,VEND-023,RT-00060,6.8,1099.6,0,1119.48
SHP-00794,20260202,VEND-001,RT-00010,9.37,790.3,0,1046.92
SHP-00795,20260202,VEND-001,RT-00101,18.5,1066.1,0,814.15
SHP-00796,20260203,VEND-001,RT-00987,2.59,320.8,1,122.99
SHP-00797,20260203,VEND-004,RT-00194,3.8,621.2,0,344.59
SHP-00798,20260203,VEND-002,RT-01337,15.79,889.3,0,2072.71
SHP-00799,20260203,VEND-021,RT-00759,15.57,283.1,3,643.92
SHP-00800,20260203,VEND-016,RT-00967,24.34,293.0,0,1017.01
SHP-00801,20260203,VEND-025,RT-00248,9.99,1174.7,0,1647.43
SHP-00802,20260204,VEND-021,RT-00217,2.56,549.8,0,212.28
SHP-00803,20260204,VEND-025,RT-00383,13.9,259.1,0,516.75
SHP-00804,20260205,VEND-006,RT-00421,16.32,431.2,0,629.39
SHP-00805,20260205,VEND-008,RT-01177,4.35,507.0,0,85.44
SHP-00806,20260205,VEND-022,RT-00674,14.27,766.5,3,1532.49
SHP-00807,20260205,VEND-007,RT-00430,5.75,1111.5,2,1016.81
SHP-00808,20260205,VEND-002,RT-00053,21.27,1184.6,3,3820.18
SHP-00809,20260205,VEND-017,RT-00477,21.04,799.5,1,686.92
SHP-00810,20260206,VEND-021,RT-01010,11.31,854.9,2,367.11
SHP-00811,20260206,VEND-025,RT-00990,24.2,420.1,0,380.61
SHP-00812,20260206,VEND-024,RT-00311,24.51,1035.7,1,937.48
SHP-00813,20260207,VEND-004,RT-00299,4.1,300.5,0,177.77
SHP-00814,20260207,VEND-020,RT-01196,9.83,172.3,2,261.76
SHP-00815,20260207,VEND-022,RT-00639,15.41,1169.2,4,2705.84
SHP-00816,20260207,VEND-018,RT-00032,3.04,1043.8,0,446.63
SHP-00817,20260207,VEND-021,RT-00522,10.18,399.2,0,576.91
SHP-00818,20260207,VEND-021,RT-00385,7.27,826.4,0,230.86
SHP-00819,20260207,VEND-012,RT-00833,23.85,587.1,0,1790.43
SHP-00820,20260208,VEND-002,RT-00555,10.88,421.6,0,193.36
SHP-00821,20260209,VEND-012,RT-00640,19.3,379.8,0,1045.55
SHP-00822,20260209,VEND-006,RT-00804,10.28,206.4,0,299.14
SHP-00823,20260209,VEND-003,RT-01184,4.16,681.7,0,106.77
SHP-00824,20260210,VEND-004,RT-00972,21.72,563.6,2,1884.29
SHP-00825,20260210,VEND-018,RT-00908,1.01,639.0,2,107.41
SHP-00826,20260211,VEND-013,RT-00165,2.34,297.7,0,105.33
SHP-00827,20260211,VEND-014,RT-00034,9.75,1129.4,0,431.7
SHP-00828,20260211,VEND-019,RT-00244,17.49,784.4,0,2197.06
SHP-00829,20260212,VEND-014,RT-00824,9.2,1084.5,0,860.41
SHP-00830,20260212,VEND-016,RT-01250,2.59,175.7,1,42.28
SHP-00831,20260212,VEND-003,RT-00362,8.63,766.3,0,594.27
SHP-00832,20260213,VEND-022,RT-01343,6.88,1026.9,0,1014.71
SHP-00833,20260213,VEND-012,RT-00109,1.13,430.6,0,18.99
SHP-00834,20260213,VEND-004,RT-00160,13.84,274.4,0,628.83
SHP-00835,20260213,VEND-021,RT-00897,3.8,354.8,0,117.98
SHP-00836,20260214,VEND-019,RT-00178,7.9,363.9,0,400.37
SHP-00837,20260214,VEND-002,RT-00352,16.39,564.3,0,1236.33
SHP-00838,20260215,VEND-005,RT-00727,18.4,424.9,0,1086.84
SHP-00839,20260215,VEND-001,RT-00652,7.32,362.0,2,245.06
SHP-00840,20260215,VEND-007,RT-00980,8.9,795.8,0,633.85
SHP-00841,20260215,VEND-003,RT-01292,6.93,111.0,0,109.35
SHP-00842,20260216,VEND-018,RT-00158,23.97,441.4,1,1583.78
SHP-00843,20260216,VEND-014,RT-00902,5.57,843.2,1,445.69
SHP-00844,20260216,VEND-025,RT-01224,5.4,252.2,0,120.99
SHP-00845,20260216,VEND-019,RT-01154,11.68,304.1,0,316.55
SHP-00846,20260216,VEND-016,RT-01318,5.54,280.8,2,242.33
SHP-00847,20260216,VEND-013,RT-01076,4.76,51.1,0,10.94
SHP-00848,20260216,VEND-002,RT-00667,3.3,594.8,1,190.74
SHP-00849,20260217,VEND-002,RT-01037,16.36,94.8,2,249.02
SHP-00850,20260217,VEND-016,RT-00891,15.69,363.9,1,779.79
SHP-00851,20260217,VEND-001,RT-01171,16.6,1194.0,0,2499.67
SHP-00852,20260217,VEND-002,RT-01208,19.56,1106.2,0,3035.18
SHP-00853,20260217,VEND-006,RT-00466,8.83,297.3,0,243.52
SHP-00854,20260217,VEND-023,RT-00405,23.04,406.5,0,1271.55
SHP-00855,20260217,VEND-012,RT-00569,18.6,583.3,0,1494.16
SHP-00856,20260218,VEND-018,RT-00050,20.31,1021.1,1,3004.25
SHP-00857,20260218,VEND-011,RT-00336,18.3,973.0,5,1631.31
SHP-00858,20260218,VEND-005,RT-01025,9.6,195.2,4,173.5
SHP-00859,20260218,VEND-010,RT-01024,7.79,193.1,0,212.88
SHP-00860,20260219,VEND-003,RT-00257,11.14,529.2,0,233.64
SHP-00861,20260220,VEND-020,RT-00579,3.33,1050.6,3,494.98
SHP-00862,20260220,VEND-005,RT-00540,11.83,1064.4,0,1077.14
SHP-00863,20260220,VEND-010,RT-00413,2.04,173.5,2,16.25
SHP-00864,20260220,VEND-025,RT-01106,1.09,710.4,0,125.79
SHP-00865,20260220,VEND-015,RT-00931,23.36,229.0,1,427.36
SHP-00866,20260221,VEND-012,RT-00705,17.54,839.0,0,2085.75
SHP-00867,20260221,VEND-014,RT-00224,14.48,1103.9,0,623.03
SHP-00868,20260221,VEND-020,RT-00017,9.19,573.0,0,746.02
SHP-00869,20260222,VEND-007,RT-01183,14.69,145.5,0,86.67
SHP-00870,20260222,VEND-016,RT-01015,22.4,716.1,0,2209.8
SHP-00871,20260223,VEND-022,RT-00983,16.66,519.8,1,1213.63
SHP-00872,20260223,VEND-015,RT-00663,15.46,982.5,0,1961.91
SHP-00873,20260223,VEND-012,RT-00530,12.04,441.4,0,416.01
SHP-00874,20260223,VEND-004,RT-00577,9.3,1056.1,0,1228.75
SHP-00875,20260224,VEND-007,RT-00221,17.77,364.8,0,237.07
SHP-00876,20260224,VEND-024,RT-00841,24.54,231.1,0,787.4
SHP-00877,20260224,VEND-014,RT-00647,11.19,402.5,0,403.55
SHP-00878,20260225,VEND-008,RT-00933,10.41,90.2,0,137.59
SHP-00879,20260225,VEND-011,RT-00882,11.27,373.4,3,158.56
SHP-00880,20260225,VEND-015,RT-00581,11.21,809.1,0,793.56
SHP-00881,20260226,VEND-014,RT-00834,24.77,213.6,0,784.03
SHP-00882,20260226,VEND-018,RT-00805,17.96,178.1,2,483.25
SHP-00883,20260226,VEND-007,RT-01092,9.62,202.2,0,183.44
SHP-00884,20260227,VEND-017,RT-00227,9.92,139.2,0,183.19
SHP-00885,20260227,VEND-012,RT-00115,11.34,1055.8,1,1689.74
SHP-00886,20260227,VEND-024,RT-01215,1.88,1135.7,0,292.69
SHP-00887,20260227,VEND-004,RT-00573,13.67,103.5,3,132.92
SHP-00888,20260227,VEND-004,RT-00506,20.47,924.1,3,1747.25
SHP-00889,20260228,VEND-012,RT-00136,16.85,897.7,0,598.32
SHP-00890,20260228,VEND-013,RT-00864,5.76,1196.4,4,267.25
SHP-00891,20260228,VEND-018,RT-01317,18.47,450.1,2,1200.88
SHP-00892,20260228,VEND-011,RT-00135,18.27,378.3,1,1009.15
SHP-00893,20260228,VEND-023,RT-00953,7.3,571.0,0,647.28
SHP-00894,20260228,VEND-012,RT-00384,15.95,1035.1,0,2278.93
SHP-00895,20260228,VEND-004,RT-01226,15.66,887.9,0,1971.59
SHP-00896,20260228,VEND-003,RT-00267,21.15,592.4,1,496.97
SHP-00897,20260228,VEND-025,RT-00189,4.27,331.2,0,223.77
SHP-00898,20260228,VEND-004,RT-01125,5.68,886.1,0,670.44
SHP-00899,20260301,VEND-024,RT-00955,12.66,1032.7,0,1759.61
SHP-00900,20260301,VEND-007,RT-00038,2.06,509.9,3,169.51
SHP-00901,20260301,VEND-003,RT-00790,10.97,818.9,0,1139.86
SHP-00902,20260301,VEND-008,RT-01105,19.92,510.2,0,1378.94
SHP-00903,20260301,VEND-016,RT-00239,4.57,600.3,1,393.71
SHP-00904,20260301,VEND-011,RT-00168,12.04,653.6,1,1195.7
SHP-00905,20260302,VEND-020,RT-01111,24.75,942.1,2,2144.19
SHP-00906,20260302,VEND-016,RT-00273,13.14,1174.1,0,1346.72
SHP-00907,20260303,VEND-011,RT-01135,12.96,561.0,2,641.96
SHP-00908,20260303,VEND-016,RT-00753,14.41,443.7,3,243.07
SHP-00909,20260303,VEND-025,RT-01291,5.46,479.6,0,235.53
SHP-00910,20260303,VEND-011,RT-00668,4.53,204.0,1,136.86
SHP-00911,20260304,VEND-004,RT-00476,17.26,391.5,0,256.94
SHP-00912,20260304,VEND-011,RT-00196,10.5,149.4,3,247.93
SHP-00913,20260305,VEND-022,RT-00682,7.96,542.1,0,597.04
SHP-00914,20260305,VEND-006,RT-00547,1.75,242.5,0,68.67
SHP-00915,20260305,VEND-024,RT-01153,21.31,448.4,0,1361.14
SHP-00916,20260306,VEND-015,RT-00386,1.78,962.6,2,151.25
SHP-00917,20260306,VEND-016,RT-00746,19.0,332.8,0,916.65
SHP-00918,20260307,VEND-008,RT-00080,10.17,753.7,0,280.76
SHP-00919,20260307,VEND-024,RT-00893,15.37,1086.4,0,1419.31
SHP-00920,20260307,VEND-001,RT-00966,6.94,702.0,0,699.94
SHP-00921,20260307,VEND-008,RT-01051,4.73,272.9,0,189.27
SHP-00922,20260308,VEND-011,RT-01142,13.8,446.5,0,850.43
SHP-00923,20260308,VEND-012,RT-00446,17.69,728.9,0,2030.55
SHP-00924,20260309,VEND-012,RT-00997,5.69,632.6,0,317.27
SHP-00925,20260309,VEND-004,RT-01211,11.47,220.9,2,97.98
SHP-00926,20260309,VEND-006,RT-00302,11.67,563.8,0,236.72
SHP-00927,20260309,VEND-003,RT-01220,6.18,674.5,0,592.76
SHP-00928,20260309,VEND-015,RT-00344,14.56,357.4,0,176.5
SHP-00929,20260310,VEND-009,RT-00874,4.5,754.3,0,121.11
SHP-00930,20260310,VEND-015,RT-01181,13.23,130.7,0,264.57
SHP-00931,20260310,VEND-015,RT-01075,3.72,437.1,0,239.35
SHP-00932,20260310,VEND-018,RT-00349,12.65,974.9,2,1770.34
SHP-00933,20260310,VEND-014,RT-01126,8.48,348.2,0,433.27
SHP-00934,20260310,VEND-017,RT-00440,11.85,746.0,1,765.51
SHP-00935,20260311,VEND-015,RT-01269,11.41,521.5,0,220.57
SHP-00936,20260311,VEND-017,RT-00749,22.79,413.9,0,1303.96
SHP-00937,20260311,VEND-016,RT-00831,12.76,1103.6,0,1150.29
SHP-00938,20260312,VEND-008,RT-00952,20.64,444.8,0,1259.26
SHP-00939,20260312,VEND-007,RT-00662,6.42,322.2,0,298.27
SHP-00940,20260313,VEND-020,RT-00092,9.45,1095.7,0,803.41
SHP-00941,20260313,VEND-009,RT-00871,2.8,907.8,0,213.89
SHP-00942,20260313,VEND-014,RT-00448,11.1,834.1,0,370.9
SHP-00943,20260314,VEND-005,RT-01173,17.05,107.0,0,248.58
SHP-00944,20260314,VEND-011,RT-01080,21.12,200.9,0,360.58
SHP-00945,20260314,VEND-014,RT-00124,14.58,784.1,0,948.83
SHP-00946,20260314,VEND-016,RT-00297,16.36,290.8,2,188.26
SHP-00947,20260315,VEND-014,RT-00104,5.25,309.5,0,250.91
SHP-00948,20260315,VEND-010,RT-00416,1.89,946.0,0,263.36
SHP-00949,20260315,VEND-025,RT-00414,20.0,378.8,0,695.74
SHP-00950,20260317,VEND-013,RT-01315,5.01,132.3,0,64.51
SHP-00951,20260317,VEND-021,RT-00597,3.19,91.9,0,13.55
SHP-00952,20260317,VEND-019,RT-00276,23.5,559.7,0,1878.63
SHP-00953,20260317,VEND-014,RT-00619,24.12,759.7,0,750.46
SHP-00954,20260318,VEND-023,RT-01137,15.79,1049.2,0,2403.42
SHP-00955,20260318,VEND-004,RT-00159,10.09,177.4,0,247.74
SHP-00956,20260318,VEND-024,RT-00993,21.0,276.2,0,790.45
SHP-00957,20260319,VEND-022,RT-00279,5.91,659.3,0,523.05
SHP-00958,20260319,VEND-013,RT-00673,11.31,468.7,0,476.81
SHP-00959,20260320,VEND-019,RT-00156,9.57,604.9,0,795.36
SHP-00960,20260320,VEND-014,RT-01122,22.9,1112.7,0,3392.21
SHP-00961,20260320,VEND-007,RT-01289,23.07,676.6,0,1440.14
SHP-00962,20260320,VEND-020,RT-00045,16.62,527.4,0,340.79
SHP-00963,20260320,VEND-007,RT-00343,3.66,1187.9,0,613.71
SHP-00964,20260320,VEND-008,RT-01267,12.57,125.0,0,231.98
SHP-00965,20260320,VEND-013,RT-00846,6.89,1121.9,1,718.08
SHP-00966,20260320,VEND-021,RT-01189,22.24,626.9,0,1860.48
SHP-00967,20260321,VEND-010,RT-00738,4.32,629.3,0,391.31
SHP-00968,20260321,VEND-013,RT-00570,2.3,1110.3,2,358.14
SHP-00969,20260321,VEND-002,RT-01227,17.91,633.4,1,1747.77
SHP-00970,20260322,VEND-003,RT-00744,11.88,554.2,0,261.31
SHP-00971,20260322,VEND-002,RT-00809,21.12,363.4,0,1083.79
SHP-00972,20260322,VEND-002,RT-00716,2.79,807.6,0,296.69
SHP-00973,20260322,VEND-022,RT-01149,20.23,705.1,1,2075.47
SHP-00974,20260322,VEND-022,RT-00718,1.9,296.5,1,93.86
SHP-00975,20260323,VEND-021,RT-00098,1.67,865.8,0,205.25
SHP-00976,20260323,VEND-002,RT-01283,12.07,790.7,0,776.15
SHP-00977,20260323,VEND-002,RT-00177,6.31,506.9,0,445.07
SHP-00978,20260323,VEND-008,RT-00009,15.25,55.1,0,113.32
SHP-00979,20260323,VEND-015,RT-00949,1.62,563.6,0,136.51
SHP-00980,20260324,VEND-009,RT-00169,1.85,57.0,0,5.3
SHP-00981,20260324,VEND-013,RT-01112,18.45,136.2,0,350.72
SHP-00982,20260324,VEND-005,RT-00303,6.04,545.2,1,301.27
SHP-00983,20260324,VEND-019,RT-00210,16.75,144.2,0,95.69
SHP-00984,20260324,VEND-008,RT-00292,19.0,367.0,0,921.4
SHP-00985,20260324,VEND-002,RT-00509,2.42,803.8,0,68.46
SHP-00986,20260324,VEND-019,RT-01218,19.47,404.9,0,1109.35
SHP-00987,20260324,VEND-023,RT-00844,7.44,1197.3,0,761.02
SHP-00988,20260324,VEND-001,RT-00461,10.35,1103.7,0,978.54
SHP-00989,20260325,VEND-011,RT-00763,3.08,723.1,2,299.79
SHP-00990,20260325,VEND-021,RT-00027,21.13,1162.0,0,969.78
SHP-00991,20260326,VEND-018,RT-01199,14.46,1048.2,1,2202.83
SHP-00992,20260326,VEND-022,RT-00402,13.11,416.7,0,727.43
SHP-00993,20260327,VEND-011,RT-00510,24.25,912.0,0,1779.98
SHP-00994,20260327,VEND-010,RT-00114,9.03,207.4,3,169.44
SHP-00995,20260327,VEND-018,RT-00791,22.38,837.2,0,2643.85
SHP-00996,20260327,VEND-004,RT-00534,18.27,614.7,0,443.83
SHP-00997,20260327,VEND-006,RT-00184,23.28,69.3,0,62.11
SHP-00998,20260327,VEND-016,RT-01296,22.79,365.4,0,1102.99
SHP-00999,20260328,VEND-017,RT-00389,24.78,1148.7,0,1107.14
SHP-01000,20260328,VEND-003,RT-00399,4.16,413.2,0,65.77
SHP-01001,20260328,VEND-013,RT-00081,20.1,258.7,0,446.71
SHP-01002,20260328,VEND-010,RT-00876,20.31,265.7,1,477.27
SHP-01003,20260328,VEND-013,RT-01207,16.46,601.1,0,1323.5
SHP-01004,20260329,VEND-024,RT-01270,7.69,1019.0,0,1129.31
SHP-01005,20260329,VEND-002,RT-01021,24.16,921.7,0,3260.15
SHP-01006,20260330,VEND-025,RT-00070,5.91,552.4,0,438.62
SHP-01007,20260330,VEND-012,RT-01163,12.99,290.0,0,493.37
SHP-01008,20260331,VEND-020,RT-00320,13.52,103.0,0,117.59
SHP-01009,20260331,VEND-011,RT-01088,4.88,582.0,0,372.16
SHP-01010,20260331,VEND-008,RT-01139,18.34,987.0,0,681.27
SHP-01011,20260401,VEND-020,RT-00929,3.13,889.1,2,386.34
SHP-01012,20260401,VEND-018,RT-01306,17.63,519.9,1,1209.85
SHP-01013,20260401,VEND-004,RT-00642,21.37,733.9,0,1269.42
SHP-01014,20260402,VEND-018,RT-00793,9.39,551.7,0,187.29
SHP-01015,20260403,VEND-019,RT-01258,18.03,715.9,0,1808.56
SHP-01016,20260403,VEND-010,RT-00073,4.76,645.1,2,268.27
SHP-01017,20260403,VEND-024,RT-00786,21.3,833.1,0,2370.98
SHP-01018,20260404,VEND-017,RT-00862,23.85,633.9,0,2035.45
SHP-01019,20260404,VEND-009,RT-01261,4.66,1131.7,3,804.7
SHP-01020,20260404,VEND-001,RT-00732,17.6,542.2,0,322.88
SHP-01021,20260405,VEND-017,RT-00582,13.14,68.3,0,132.8
SHP-01022,20260405,VEND-006,RT-00163,13.76,321.8,0,382.91
SHP-01023,20260405,VEND-019,RT-01252,17.96,625.7,0,1546.51
SHP-01024,20260405,VEND-014,RT-00943,12.73,671.7,0,1094.31
SHP-01025,20260405,VEND-012,RT-00884,15.41,685.2,0,912.91
SHP-01026,20260405,VEND-005,RT-00518,6.54,871.7,0,886.6
SHP-01027,20260405,VEND-018,RT-01121,10.08,365.8,0,481.58
SHP-01028,20260406,VEND-005,RT-00281,21.77,814.6,1,2341.66
SHP-01029,20260406,VEND-011,RT-00479,3.64,859.6,0,427.88
SHP-01030,20260406,VEND-021,RT-00274,15.34,523.0,0,1064.16
SHP-01031,20260406,VEND-024,RT-00676,5.42,512.5,0,385.86
SHP-01032,20260406,VEND-025,RT-00651,21.32,255.8,0,205.83
SHP-01033,20260407,VEND-024,RT-00207,14.9,526.1,0,1045.34
SHP-01034,20260407,VEND-014,RT-00995,10.67,954.8,0,1353.72
SHP-01035,20260407,VEND-006,RT-00147,7.0,1095.3,1,276.76
SHP-01036,20260407,VEND-021,RT-00305,11.48,732.7,0,1228.36
SHP-01037,20260407,VEND-021,RT-01070,23.98,394.3,1,339.04
SHP-01038,20260408,VEND-025,RT-00629,13.22,834.6,0,396.94
SHP-01039,20260408,VEND-017,RT-01047,12.27,901.2,0,1503.26
SHP-01040,20260409,VEND-004,RT-00683,18.91,432.0,0,1147.24
SHP-01041,20260409,VEND-013,RT-00795,10.1,1000.5,0,1314.98
SHP-01042,20260409,VEND-012,RT-00840,11.26,134.8,0,194.59
SHP-01043,20260409,VEND-022,RT-01215,9.09,62.4,0,84.46
SHP-01044,20260409,VEND-010,RT-00605,4.62,191.4,0,32.08
SHP-01045,20260410,VEND-009,RT-01117,18.13,229.4,0,152.63
SHP-01046,20260410,VEND-003,RT-00861,21.95,1060.8,1,3281.66
SHP-01047,20260410,VEND-021,RT-00598,22.73,538.7,0,1027.06
SHP-01048,20260410,VEND-019,RT-01036,22.14,366.2,0,1056.67
SHP-01049,20260411,VEND-002,RT-00715,11.84,543.4,0,558.41
SHP-01050,20260411,VEND-011,RT-00454,7.82,504.1,0,360.93
SHP-01051,20260411,VEND-012,RT-01096,16.31,396.7,5,960.26
SHP-01052,20260411,VEND-012,RT-00610,23.91,208.6,0,678.9
SHP-01053,20260411,VEND-023,RT-00347,18.45,804.3,0,1869.34
SHP-01054,20260411,VEND-004,RT-00319,12.88,207.1,0,233.74
SHP-01055,20260411,VEND-008,RT-01238,17.53,941.7,0,2226.91
SHP-01056,20260412,VEND-005,RT-00119,19.54,281.9,0,448.75
SHP-01057,20260412,VEND-007,RT-00968,23.06,891.1,0,2834.49
SHP-01058,20260412,VEND-023,RT-01342,19.32,976.4,0,2662.46
SHP-01059,20260412,VEND-024,RT-01321,11.4,194.1,0,84.18
SHP-01060,20260413,VEND-002,RT-01333,7.57,149.8,1,176.22
SHP-01061,20260413,VEND-016,RT-00469,13.0,1142.0,2,1969.23
SHP-01062,20260413,VEND-006,RT-00496,8.88,582.5,0,465.86
SHP-01063,20260413,VEND-005,RT-00077,23.63,774.8,1,2518.46
SHP-01064,20260413,VEND-008,RT-00775,13.19,76.7,0,93.36
SHP-01065,20260413,VEND-005,RT-00186,12.33,370.5,0,404.45
SHP-01066,20260413,VEND-013,RT-00172,9.36,631.2,0,857.96
SHP-01067,20260413,VEND-025,RT-00368,16.35,1069.2,0,2576.11
SHP-01068,20260413,VEND-015,RT-00375,13.48,362.2,0,714.3
SHP-01069,20260414,VEND-019,RT-01191,4.1,941.5,0,137.0
SHP-01070,20260414,VEND-013,RT-00499,21.86,811.5,0,1467.24
SHP-01071,20260414,VEND-001,RT-00721,9.62,182.6,3,154.02
SHP-01072,20260414,VEND-003,RT-00201,11.38,387.4,0,346.9
SHP-01073,20260415,VEND-007,RT-00998,5.94,323.5,0,258.33
SHP-01074,20260415,VEND-007,RT-00773,14.28,558.9,0,1061.96
SHP-01075,20260415,VEND-022,RT-01219,17.85,780.6,0,2028.61
SHP-01076,20260415,VEND-022,RT-00754,22.15,548.4,3,1041.62
SHP-01077,20260415,VEND-022,RT-00208,2.24,331.2,0,110.64
SHP-01078,20260415,VEND-016,RT-00369,24.36,850.3,0,3161.92
SHP-01079,20260416,VEND-014,RT-01083,17.89,722.1,0,1638.61
SHP-01080,20260416,VEND-017,RT-00305,7.82,647.2,0,778.16
SHP-01081,20260416,VEND-011,RT-00018,5.91,687.6,1,577.02
SHP-01082,20260416,VEND-017,RT-01248,8.11,305.2,0,342.11
SHP-01083,20260417,VEND-020,RT-01308,22.02,832.5,0,1455.13
SHP-01084,20260417,VEND-020,RT-01230,7.99,495.6,0,314.82
SHP-01085,20260417,VEND-016,RT-00787,12.11,468.0,3,870.4
SHP-01086,20260417,VEND-002,RT-00617,17.94,222.2,0,324.55
SHP-01087,20260418,VEND-019,RT-01214,21.93,736.4,0,2325.64
SHP-01088,20260418,VEND-010,RT-00061,16.81,743.1,3,1144.51
SHP-01089,20260418,VEND-019,RT-01229,19.07,441.3,0,1159.74
SHP-01090,20260419,VEND-014,RT-00666,5.16,1038.8,0,207.42
SHP-01091,20260419,VEND-023,RT-00250,22.06,1022.3,0,3063.96
SHP-01092,20260419,VEND-009,RT-01104,7.62,175.4,0,195.18
SHP-01093,20260419,VEND-024,RT-00004,4.08,849.3,0,138.59
SHP-01094,20260420,VEND-022,RT-01069,24.43,502.9,0,1074.49
SHP-01095,20260420,VEND-009,RT-01160,5.84,1199.7,1,543.18
SHP-01096,20260420,VEND-013,RT-01034,4.28,308.8,0,174.57
SHP-01097,20260420,VEND-014,RT-01141,16.02,372.6,0,827.81
SHP-01098,20260421,VEND-020,RT-00149,8.65,558.4,0,436.9
SHP-01099,20260421,VEND-018,RT-01089,4.2,359.0,0,210.34
SHP-01100,20260421,VEND-022,RT-00176,15.43,845.8,1,1769.83
SHP-01101,20260421,VEND-010,RT-00062,19.22,603.0,0,1625.8
SHP-01102,20260421,VEND-013,RT-00890,20.04,304.0,0,806.62
SHP-01103,20260422,VEND-011,RT-01013,4.73,632.3,1,439.07
SHP-01104,20260423,VEND-023,RT-00192,14.36,1072.1,0,2010.59
SHP-01105,20260423,VEND-008,RT-00879,20.53,961.3,0,668.16
SHP-01106,20260423,VEND-015,RT-00122,4.87,623.7,0,108.67
SHP-01107,20260423,VEND-004,RT-00118,5.98,381.8,0,183.69
SHP-01108,20260423,VEND-022,RT-01150,1.06,256.9,0,11.13
SHP-01109,20260424,VEND-010,RT-00501,13.59,1060.1,0,2091.36
SHP-01110,20260424,VEND-009,RT-00047,5.67,866.7,1,422.99
SHP-01111,20260424,VEND-015,RT-01244,18.38,708.0,0,498.09
SHP-01112,20260424,VEND-013,RT-00026,24.09,1061.3,0,3638.49
SHP-01113,20260425,VEND-022,RT-00600,6.01,189.9,0,155.12
SHP-01114,20260425,VEND-014,RT-01056,16.58,834.9,0,533.46
SHP-01115,20260425,VEND-013,RT-00927,6.08,299.2,0,72.56
SHP-01116,20260425,VEND-003,RT-00392,1.43,188.7,0,11.24
SHP-01117,20260426,VEND-001,RT-01082,19.21,585.4,1,976.97
SHP-01118,20260426,VEND-010,RT-00905,11.42,495.5,0,445.95
SHP-01119,20260426,VEND-025,RT-01213,23.72,1132.3,2,2285.46
SHP-01120,20260426,VEND-023,RT-01108,13.82,422.6,0,231.95
SHP-01121,20260426,VEND-016,RT-00613,4.78,987.1,1,421.24
SHP-01122,20260426,VEND-016,RT-00456,11.79,911.2,2,918.26
SHP-01123,20260427,VEND-010,RT-00808,5.87,818.1,0,669.29
SHP-01124,20260427,VEND-005,RT-00318,22.07,1108.5,2,1065.43
SHP-01125,20260427,VEND-001,RT-01297,17.58,519.1,0,1216.87
SHP-01126,20260427,VEND-009,RT-01028,9.19,498.1,0,601.46
SHP-01127,20260427,VEND-008,RT-00280,13.67,235.1,0,430.26
SHP-01128,20260428,VEND-005,RT-00505,17.07,367.1,0,816.07
SHP-01129,20260428,VEND-007,RT-00654,19.79,1061.7,0,2723.68
SHP-01130,20260428,VEND-001,RT-00762,2.92,595.5,0,227.22
SHP-01131,20260428,VEND-016,RT-01334,1.54,442.6,0,100.18
SHP-01132,20260429,VEND-024,RT-01031,3.75,298.5,0,41.91
SHP-01133,20260429,VEND-018,RT-00287,10.48,607.7,3,582.34
SHP-01134,20260429,VEND-012,RT-01202,12.2,874.2,0,915.91
SHP-01135,20260501,VEND-011,RT-00203,4.28,379.7,0,232.37
SHP-01136,20260501,VEND-008,RT-00948,10.87,921.4,0,1383.75
SHP-01137,20260501,VEND-004,RT-01188,11.6,774.3,0,796.85
SHP-01138,20260501,VEND-015,RT-00736,3.62,955.7,0,500.7
SHP-01139,20260502,VEND-015,RT-01042,23.0,338.5,0,659.04
SHP-01140,20260503,VEND-001,RT-01079,15.38,775.7,0,436.04
SHP-01141,20260503,VEND-011,RT-00415,10.32,226.8,0,316.02
SHP-01142,20260504,VEND-007,RT-00709,13.17,468.4,0,928.42
SHP-01143,20260504,VEND-005,RT-00406,8.54,883.0,2,1085.1
SHP-01144,20260504,VEND-018,RT-01066,21.5,776.4,0,2300.51
SHP-01145,20260504,VEND-014,RT-00326,14.8,266.0,0,581.04
SHP-01146,20260505,VEND-016,RT-00837,12.88,1037.1,0,1134.47
SHP-01147,20260505,VEND-018,RT-00572,22.86,111.4,4,105.27
SHP-01148,20260505,VEND-025,RT-00470,21.11,734.5,0,2044.22
SHP-01149,20260506,VEND-021,RT-00191,20.51,1181.4,0,3393.88
SHP-01150,20260506,VEND-016,RT-00681,6.41,661.2,3,668.06
SHP-01151,20260506,VEND-022,RT-01123,4.67,970.8,0,625.98
SHP-01152,20260506,VEND-012,RT-01275,17.56,734.5,0,516.75
SHP-01153,20260506,VEND-025,RT-00959,12.25,950.6,1,453.64
SHP-01154,20260506,VEND-020,RT-00784,17.41,803.9,0,1160.62
SHP-01155,20260506,VEND-017,RT-00649,19.26,844.8,0,2110.18
SHP-01156,20260506,VEND-023,RT-00664,8.09,312.0,0,350.53
SHP-01157,20260507,VEND-013,RT-01058,7.83,903.1,0,621.93
SHP-01158,20260507,VEND-019,RT-00161,12.78,323.6,0,153.11
SHP-01159,20260507,VEND-008,RT-00426,7.57,1177.7,0,339.84
SHP-01160,20260507,VEND-025,RT-00701,17.02,312.0,0,814.77
SHP-01161,20260508,VEND-016,RT-01004,18.92,322.2,0,536.76
SHP-01162,20260508,VEND-020,RT-00187,12.33,1037.5,2,1869.52
SHP-01163,20260508,VEND-012,RT-00740,18.37,329.4,0,809.84
SHP-01164,20260509,VEND-022,RT-00606,13.25,465.0,0,531.24
SHP-01165,20260509,VEND-002,RT-00696,18.11,871.8,2,2385.89
SHP-01166,20260509,VEND-003,RT-01033,6.4,232.6,0,134.61
SHP-01167,20260510,VEND-013,RT-00914,18.73,232.9,0,557.36
SHP-01168,20260510,VEND-019,RT-01166,18.16,609.3,0,1555.17
SHP-01169,20260510,VEND-021,RT-01190,7.4,330.3,0,355.92
SHP-01170,20260510,VEND-012,RT-00633,14.34,321.0,0,408.54
SHP-01171,20260510,VEND-017,RT-00698,21.53,60.6,0,110.46
SHP-01172,20260511,VEND-014,RT-00247,6.99,476.0,0,458.53
SHP-01173,20260511,VEND-025,RT-00271,18.66,416.0,0,1152.69
SHP-01174,20260511,VEND-017,RT-00138,23.9,85.8,0,279.68
SHP-01175,20260512,VEND-011,RT-00944,21.79,764.4,0,2194.94
SHP-01176,20260512,VEND-025,RT-01223,10.64,770.7,0,302.45
SHP-01177,20260512,VEND-003,RT-00940,15.57,131.4,0,305.25
SHP-01178,20260512,VEND-025,RT-00938,24.8,414.6,2,1497.09
SHP-01179,20260512,VEND-004,RT-00802,14.64,1053.7,0,2098.3
SHP-01180,20260513,VEND-008,RT-01222,3.76,719.5,0,96.75
SHP-01181,20260513,VEND-021,RT-00924,2.09,523.8,0,42.97
SHP-01182,20260514,VEND-019,RT-00147,19.97,584.9,0,412.09
SHP-01183,20260514,VEND-025,RT-01064,11.17,289.5,0,120.4
SHP-01184,20260514,VEND-019,RT-00644,6.92,983.7,0,584.67
SHP-01185,20260514,VEND-016,RT-00756,9.34,1101.1,0,1397.75
SHP-01186,20260514,VEND-009,RT-00432,19.18,1097.3,0,1701.45
SHP-01187,20260515,VEND-001,RT-00008,12.17,307.5,0,139.44
SHP-01188,20260515,VEND-004,RT-00704,21.84,407.4,0,1193.96
SHP-01189,20260516,VEND-008,RT-00525,18.64,234.7,0,354.28
SHP-01190,20260516,VEND-002,RT-00726,24.38,403.3,0,376.68
SHP-01191,20260516,VEND-013,RT-00228,22.32,432.7,0,327.99
SHP-01192,20260516,VEND-020,RT-00729,7.11,778.1,1,744.28
SHP-01193,20260517,VEND-025,RT-00965,16.82,268.1,0,641.9
SHP-01194,20260517,VEND-013,RT-01326,1.49,1107.3,0,133.13
SHP-01195,20260518,VEND-022,RT-00856,24.79,168.6,3,601.93
SHP-01196,20260518,VEND-025,RT-01246,7.26,57.9,0,66.91
SHP-01197,20260519,VEND-022,RT-01243,16.96,1033.2,1,2456.3
SHP-01198,20260519,VEND-012,RT-01241,21.38,859.3,0,2561.44
SHP-01199,20260520,VEND-009,RT-01212,4.85,458.7,0,183.81
SHP-01200,20260520,VEND-025,RT-01325,21.35,734.8,0,600.95
SHP-01201,20260520,VEND-007,RT-00551,1.29,307.1,0,36.48
SHP-01202,20260520,VEND-011,RT-00128,11.61,243.6,0,379.81
SHP-01203,20260521,VEND-002,RT-00025,12.33,591.8,1,1009.71
SHP-01204,20260521,VEND-020,RT-01335,9.98,456.2,0,587.87
SHP-01205,20260521,VEND-017,RT-01027,15.07,757.5,0,1633.26
SHP-01206,20260521,VEND-003,RT-00197,22.96,300.9,0,277.85
SHP-01207,20260522,VEND-006,RT-00982,8.85,812.4,0,957.81
SHP-01208,20260522,VEND-014,RT-01239,14.9,931.9,0,2148.86
SHP-01209,20260522,VEND-014,RT-00875,22.06,241.6,0,494.38
SHP-01210,20260522,VEND-021,RT-01072,19.55,100.4,1,78.26
SHP-01211,20260522,VEND-007,RT-00739,1.98,555.5,0,157.27
SHP-01212,20260522,VEND-024,RT-00029,23.63,940.1,0,968.92
SHP-01213,20260523,VEND-012,RT-01041,2.12,798.4,0,248.03
SHP-01214,20260523,VEND-021,RT-00435,15.13,857.2,0,1017.33
SHP-01215,20260523,VEND-006,RT-00917,14.81,513.3,0,298.15
SHP-01216,20260524,VEND-001,RT-00730,19.87,320.2,0,855.74
SHP-01217,20260524,VEND-002,RT-01062,4.56,661.5,2,452.78
SHP-01218,20260524,VEND-010,RT-01302,5.3,285.0,0,212.02
SHP-01219,20260525,VEND-024,RT-00806,19.05,885.2,0,585.87
SHP-01220,20260525,VEND-002,RT-00052,4.59,276.5,0,191.77
SHP-01221,20260525,VEND-010,RT-00333,12.27,385.0,0,163.19
SHP-01222,20260525,VEND-003,RT-01232,18.56,632.5,0,1581.02
SHP-01223,20260526,VEND-024,RT-00616,16.63,609.7,0,1398.93
SHP-01224,20260526,VEND-017,RT-01301,6.05,741.0,0,607.56
SHP-01225,20260526,VEND-020,RT-00870,8.3,553.1,0,638.26
SHP-01226,20260526,VEND-018,RT-00126,24.26,1107.4,1,3899.87
SHP-01227,20260526,VEND-017,RT-01030,11.77,1015.9,2,452.21
SHP-01228,20260527,VEND-020,RT-00445,2.07,1061.0,0,204.2
SHP-01229,20260527,VEND-001,RT-00049,6.27,773.9,0,691.41
SHP-01230,20260527,VEND-022,RT-00822,9.22,780.3,0,251.68
SHP-01231,20260528,VEND-019,RT-01238,24.99,750.6,0,2520.64
SHP-01232,20260528,VEND-019,RT-00502,8.26,550.1,0,161.07
SHP-01233,20260528,VEND-010,RT-00970,1.63,420.4,0,108.13
SHP-01234,20260529,VEND-021,RT-00706,13.31,730.8,0,362.89
SHP-01235,20260529,VEND-010,RT-01192,3.01,79.4,0,42.16
SHP-01236,20260530,VEND-002,RT-01203,7.58,58.6,0,67.1
SHP-01237,20260530,VEND-023,RT-00240,24.82,1029.4,0,929.91
SHP-01238,20260530,VEND-006,RT-00341,17.91,103.4,0,276.78
SHP-01239,20260531,VEND-003,RT-00737,2.22,653.5,0,198.61
SHP-01240,20260531,VEND-016,RT-00761,11.77,757.2,0,1293.94
SHP-01241,20260531,VEND-006,RT-00904,5.12,277.9,0,133.76
SHP-01242,20260531,VEND-022,RT-00270,3.95,1080.1,0,615.49
SHP-01243,20260531,VEND-012,RT-00398,15.09,268.6,0,577.31
SHP-01244,20260601,VEND-001,RT-00175,13.14,1067.2,0,1208.1
SHP-01245,20260601,VEND-024,RT-00556,18.83,927.4,0,649.52
SHP-01246,20260601,VEND-013,RT-00992,22.42,326.9,0,1055.72
SHP-01247,20260601,VEND-007,RT-01022,6.92,223.4,0,55.05
SHP-01248,20260601,VEND-017,RT-00670,23.15,413.7,0,1421.87
SHP-01249,20260601,VEND-014,RT-00589,13.43,507.6,0,937.44
SHP-01250,20260601,VEND-001,RT-00545,7.21,332.7,0,335.13
SHP-01251,20260602,VEND-019,RT-01140,21.3,1198.7,0,2187.91
SHP-01252,20260603,VEND-011,RT-01338,1.85,314.1,0,53.43
SHP-01253,20260603,VEND-018,RT-00869,14.43,1005.2,0,2066.64
SHP-01254,20260603,VEND-023,RT-00679,18.32,233.0,0,594.45
SHP-01255,20260603,VEND-016,RT-00977,7.72,1177.3,2,1241.69
SHP-01256,20260604,VEND-017,RT-00262,21.72,309.4,0,898.71
SHP-01257,20260604,VEND-007,RT-00717,6.77,534.9,0,501.92
SHP-01258,20260604,VEND-006,RT-00327,21.16,692.3,0,548.89
SHP-01259,20260604,VEND-011,RT-01252,2.89,188.3,0,82.85
SHP-01260,20260605,VEND-022,RT-00089,4.84,989.3,0,373.41
SHP-01261,20260605,VEND-014,RT-00272,10.14,365.9,1,519.58
SHP-01262,20260605,VEND-009,RT-00868,21.5,681.7,0,1876.45
SHP-01263,20260605,VEND-020,RT-00607,4.47,682.1,0,364.85
SHP-01264,20260605,VEND-022,RT-00327,22.01,743.0,1,624.69
SHP-01265,20260606,VEND-023,RT-01039,6.51,113.8,0,101.5
SHP-01266,20260606,VEND-008,RT-00881,11.86,243.9,0,396.89
SHP-01267,20260607,VEND-018,RT-00781,9.47,235.4,3,309.73
SHP-01268,20260607,VEND-015,RT-00028,3.84,397.4,0,57.82
SHP-01269,20260607,VEND-012,RT-00937,23.66,216.7,0,417.96
SHP-01270,20260607,VEND-010,RT-00288,11.52,1110.2,0,1738.0
SHP-01271,20260607,VEND-003,RT-01156,17.57,639.9,0,1491.45
SHP-01272,20260607,VEND-007,RT-00877,14.81,767.1,0,1676.11
SHP-01273,20260608,VEND-014,RT-00853,13.04,461.1,0,832.44
SHP-01274,20260608,VEND-023,RT-00154,15.8,367.7,0,491.64
SHP-01275,20260609,VEND-022,RT-00493,22.56,628.7,0,2026.03
SHP-01276,20260610,VEND-005,RT-00873,17.78,388.5,0,248.11
SHP-01277,20260610,VEND-017,RT-00510,13.78,445.2,0,525.8
SHP-01278,20260610,VEND-003,RT-00996,16.48,570.7,0,381.1
SHP-01279,20260611,VEND-017,RT-00427,15.55,631.6,0,1293.15
SHP-01280,20260611,VEND-009,RT-00297,11.39,1182.0,2,512.87
SHP-01281,20260612,VEND-012,RT-01109,15.99,306.8,0,669.19
SHP-01282,20260612,VEND-018,RT-00755,11.65,611.2,4,914.23
SHP-01283,20260613,VEND-011,RT-00527,19.18,221.9,0,364.0
SHP-01284,20260613,VEND-021,RT-00894,24.25,452.5,0,1379.3
SHP-01285,20260613,VEND-014,RT-00495,24.04,874.9,0,3217.94
SHP-01286,20260614,VEND-025,RT-00138,20.7,250.6,0,678.95
SHP-01287,20260614,VEND-016,RT-00468,15.44,718.6,1,1511.51
SHP-01288,20260615,VEND-008,RT-00209,18.98,529.2,0,330.57
SHP-01289,20260615,VEND-020,RT-00328,5.27,109.3,0,52.02
SHP-01290,20260615,VEND-011,RT-00672,12.5,1123.0,0,486.52
SHP-01291,20260615,VEND-014,RT-00235,7.18,525.6,0,567.17
SHP-01292,20260616,VEND-004,RT-01322,1.08,951.5,1,145.38
SHP-01293,20260616,VEND-003,RT-00357,24.2,528.8,0,1797.85
SHP-01294,20260617,VEND-015,RT-00206,21.73,1128.0,0,3405.98
SHP-01295,20260617,VEND-005,RT-00747,13.33,384.0,2,426.4
SHP-01296,20260617,VEND-025,RT-00356,7.1,524.1,0,135.93
SHP-01297,20260617,VEND-022,RT-01314,17.63,922.7,0,1324.78
SHP-01298,20260618,VEND-018,RT-00260,11.44,445.2,0,432.63
SHP-01299,20260618,VEND-019,RT-00292,20.28,469.0,0,1322.29
SHP-01300,20260618,VEND-015,RT-00612,24.99,1194.0,2,1085.83
SHP-01301,20260618,VEND-002,RT-00554,9.38,689.0,0,255.44
SHP-01302,20260618,VEND-010,RT-01060,6.87,842.8,0,454.62
SHP-01303,20260618,VEND-013,RT-00730,7.42,790.0,0,834.48
SHP-01304,20260618,VEND-023,RT-00922,3.24,1002.1,0,120.69
SHP-01305,20260618,VEND-006,RT-01218,10.46,1041.1,0,1406.01
SHP-01306,20260619,VEND-013,RT-01116,1.42,697.7,1,40.38
SHP-01307,20260619,VEND-009,RT-00677,3.75,388.7,1,123.06
SHP-01308,20260620,VEND-004,RT-01327,7.52,76.2,0,54.11
SHP-01309,20260621,VEND-003,RT-01264,4.84,756.6,0,514.38
SHP-01310,20260621,VEND-010,RT-01005,18.57,999.3,0,2670.46
SHP-01311,20260621,VEND-003,RT-00449,3.53,568.1,0,166.55
SHP-01312,20260622,VEND-002,RT-00266,21.78,239.4,0,197.93
SHP-01313,20260622,VEND-009,RT-00105,6.31,381.3,2,201.96
SHP-01314,20260622,VEND-006,RT-01089,3.61,636.5,0,306.2
SHP-01315,20260622,VEND-014,RT-00252,1.24,1012.2,0,113.43
SHP-01316,20260622,VEND-001,RT-00725,18.16,247.5,0,167.39
SHP-01317,20260622,VEND-008,RT-00816,7.16,754.0,0,739.47
SHP-01318,20260622,VEND-012,RT-00436,13.23,916.4,0,1597.01
SHP-01319,20260622,VEND-025,RT-01143,3.68,1126.5,0,157.76
SHP-01320,20260623,VEND-016,RT-01157,24.65,184.2,0,640.73
SHP-01321,20260623,VEND-023,RT-00222,4.01,1115.4,0,365.82
SHP-01322,20260623,VEND-009,RT-00928,10.89,741.7,0,257.48
SHP-01323,20260623,VEND-012,RT-00343,21.44,931.7,1,2741.16
SHP-01324,20260624,VEND-011,RT-00216,6.88,111.8,0,109.33
SHP-01325,20260624,VEND-023,RT-01161,7.41,632.1,0,401.21
SHP-01326,20260624,VEND-024,RT-00641,20.4,766.0,0,670.1
SHP-01327,20260624,VEND-025,RT-00912,7.56,402.9,0,266.19
SHP-01328,20260624,VEND-019,RT-00186,1.07,546.4,0,55.57
SHP-01329,20260624,VEND-013,RT-00332,11.27,687.4,0,282.76
SHP-01330,20260624,VEND-014,RT-00440,1.3,685.4,0,87.16
SHP-01331,20260624,VEND-025,RT-00710,22.84,98.1,0,83.23
SHP-01332,20260625,VEND-008,RT-01138,16.4,555.4,0,1397.88
SHP-01333,20260625,VEND-009,RT-00295,14.99,295.9,0,583.9
SHP-01334,20260625,VEND-023,RT-01311,5.84,1104.2,0,837.98
SHP-01335,20260625,VEND-010,RT-00494,17.8,1173.1,1,865.57
SHP-01336,20260625,VEND-006,RT-00748,17.25,394.6,0,894.58
SHP-01337,20260625,VEND-015,RT-00549,2.45,251.5,0,23.92
SHP-01338,20260625,VEND-009,RT-00880,22.14,302.4,0,546.62
SHP-01339,20260626,VEND-023,RT-00734,14.91,599.4,0,1324.01
SHP-01340,20260626,VEND-023,RT-00603,20.02,1055.7,0,2808.79
SHP-01341,20260626,VEND-008,RT-00475,7.31,625.0,0,175.36
SHP-01342,20260626,VEND-014,RT-01170,3.93,113.7,0,72.48
SHP-01343,20260626,VEND-025,RT-00939,17.86,95.9,0,157.28
SHP-01344,20260626,VEND-019,RT-00919,20.05,311.5,0,880.15
SHP-01345,20260626,VEND-006,RT-00351,10.26,1019.2,0,1322.52
SHP-01346,20260627,VEND-015,RT-00571,1.57,764.7,0,44.38
SHP-01347,20260627,VEND-016,RT-00229,20.64,697.4,1,1948.42
SHP-01348,20260627,VEND-017,RT-00845,5.95,416.8,0,367.79
SHP-01349,20260628,VEND-001,RT-01331,9.14,1118.8,0,1365.71
SHP-01350,20260628,VEND-008,RT-00274,16.08,430.9,0,896.23
SHP-01351,20260628,VEND-022,RT-00566,3.4,1010.2,0,278.86
SHP-01352,20260628,VEND-007,RT-00770,2.73,1080.3,0,445.91
SHP-01353,20260628,VEND-008,RT-00254,1.62,605.8,0,138.58
SHP-01354,20260629,VEND-009,RT-00322,23.0,1078.4,0,3230.28
SHP-01355,20260629,VEND-005,RT-00568,8.47,368.3,0,409.18
SHP-01356,20260629,VEND-004,RT-00735,16.86,807.2,0,1727.57
SHP-01357,20260629,VEND-009,RT-00591,24.74,151.2,0,309.0
SHP-01358,20260630,VEND-022,RT-00478,17.07,595.0,0,1342.47
SHP-01359,20260630,VEND-001,RT-00437,13.6,299.9,1,149.41
SHP-01360,20260701,VEND-008,RT-01171,13.5,122.2,0,226.68
SHP-01361,20260701,VEND-002,RT-01074,10.05,54.3,0,75.23
SHP-01362,20260702,VEND-015,RT-00410,15.39,423.5,0,979.04
SHP-01363,20260702,VEND-007,RT-00266,24.01,728.0,0,678.82
SHP-01364,20260703,VEND-020,RT-00350,19.91,573.5,0,904.72
SHP-01365,20260703,VEND-015,RT-00325,11.18,397.0,0,602.38
SHP-01366,20260703,VEND-020,RT-00503,8.98,1189.9,0,867.93
SHP-01367,20260703,VEND-016,RT-00188,22.2,1130.5,0,3642.75
SHP-01368,20260703,VEND-011,RT-00508,4.26,194.5,0,30.57
SHP-01369,20260703,VEND-022,RT-01233,21.39,527.4,0,437.79
SHP-01370,20260704,VEND-012,RT-00975,7.12,796.2,1,812.45
SHP-01371,20260704,VEND-024,RT-00255,18.18,893.5,0,2221.88
SHP-01372,20260704,VEND-025,RT-01251,20.35,471.3,0,1318.74
SHP-01373,20260704,VEND-015,RT-00359,12.45,908.2,0,430.38
SHP-01374,20260705,VEND-017,RT-00574,5.61,192.8,0,157.56
SHP-01375,20260705,VEND-007,RT-00538,21.27,431.6,0,790.8
SHP-01376,20260705,VEND-021,RT-00113,9.82,873.9,0,1085.57
SHP-01377,20260705,VEND-017,RT-00552,8.7,769.5,0,564.65
SHP-01378,20260705,VEND-023,RT-01274,13.24,1012.8,0,1947.76
SHP-01379,20260706,VEND-007,RT-00234,11.44,103.9,0,47.26
SHP-01380,20260706,VEND-020,RT-00075,17.39,250.6,0,570.7
SHP-01381,20260706,VEND-012,RT-00507,4.29,105.8,0,70.32
SHP-01382,20260707,VEND-005,RT-00212,11.46,270.9,0,431.47
SHP-01383,20260707,VEND-005,RT-00764,22.4,54.9,0,45.09
SHP-01384,20260707,VEND-015,RT-00095,1.87,629.8,0,170.02
SHP-01385,20260707,VEND-008,RT-01330,11.98,657.6,0,286.14
SHP-01386,20260708,VEND-003,RT-01180,16.85,806.6,0,1201.69
SHP-01387,20260708,VEND-011,RT-00492,22.31,492.6,0,1454.65
SHP-01388,20260708,VEND-017,RT-00230,15.25,53.7,0,115.89
SHP-01389,20260709,VEND-008,RT-00158,20.79,825.0,0,2545.76
SHP-01390,20260709,VEND-024,RT-01282,6.34,112.4,0,103.32
SHP-01391,20260710,VEND-020,RT-01243,9.47,1046.1,0,1300.28
SHP-01392,20260710,VEND-013,RT-01090,23.61,76.1,0,70.96
SHP-01393,20260710,VEND-024,RT-00479,22.26,660.0,0,2074.79
SHP-01394,20260710,VEND-011,RT-00365,14.39,1079.2,0,2007.82
SHP-01395,20260710,VEND-004,RT-00719,12.41,708.4,0,332.71
SHP-01396,20260710,VEND-001,RT-00934,11.83,749.7,1,1266.05
SHP-01397,20260710,VEND-024,RT-00483,2.41,833.9,0,77.07
SHP-01398,20260711,VEND-024,RT-01194,22.42,190.8,0,356.36
SHP-01399,20260711,VEND-019,RT-00986,20.64,826.2,0,2385.57
SHP-01400,20260711,VEND-003,RT-00821,11.95,1062.4,0,1715.14
SHP-01401,20260711,VEND-008,RT-00636,7.71,1170.4,0,701.64
SHP-01402,20260711,VEND-002,RT-00780,9.23,559.5,0,181.71
SHP-01403,20260711,VEND-002,RT-00367,3.96,446.2,0,147.41
SHP-01404,20260711,VEND-007,RT-00293,18.32,916.3,0,1376.83
SHP-01405,20260711,VEND-015,RT-00735,14.36,674.3,0,1233.32
SHP-01406,20260711,VEND-002,RT-00193,6.62,345.9,0,315.34
SHP-01407,20260712,VEND-025,RT-00979,15.95,248.0,0,144.05
SHP-01408,20260712,VEND-012,RT-01321,24.5,245.8,0,220.37
SHP-01409,20260712,VEND-007,RT-01129,3.94,578.1,0,77.5
SHP-01410,20260712,VEND-013,RT-00074,12.0,245.6,0,405.66
SHP-01411,20260712,VEND-020,RT-01281,12.86,72.7,0,80.64
SHP-01412,20260713,VEND-008,RT-00354,5.0,109.9,0,85.32
SHP-01413,20260713,VEND-002,RT-01285,13.76,1119.4,0,2163.53
SHP-01414,20260713,VEND-002,RT-00861,15.54,133.9,1,305.24
SHP-01415,20260713,VEND-022,RT-00803,4.78,134.2,0,92.79
SHP-01416,20260713,VEND-003,RT-00185,4.71,568.9,0,98.84
SHP-01417,20260713,VEND-016,RT-00563,21.55,331.9,0,994.99
SHP-01418,20260714,VEND-010,RT-00543,8.47,1157.1,1,319.85
SHP-01419,20260714,VEND-020,RT-00132,16.13,1097.6,0,2415.1
SHP-01420,20260714,VEND-002,RT-00108,16.04,515.5,3,1178.26
SHP-01421,20260714,VEND-023,RT-00059,21.14,566.0,0,1666.76
SHP-01422,20260714,VEND-018,RT-01131,18.76,481.4,0,1336.47
SHP-01423,20260714,VEND-012,RT-00324,21.17,93.5,0,74.93
SHP-01424,20260715,VEND-006,RT-00826,16.01,386.8,0,837.42
SHP-01425,20260715,VEND-025,RT-01181,11.79,191.1,2,335.85
SHP-01426,20260715,VEND-008,RT-00728,10.45,167.7,0,255.79
SHP-01427,20260715,VEND-013,RT-00925,10.1,695.0,0,959.74
SHP-01428,20260715,VEND-010,RT-00091,11.04,163.6,0,256.65
SHP-01429,20260715,VEND-006,RT-01091,4.1,168.4,0,58.83
SHP-01430,20260716,VEND-011,RT-01094,11.18,602.6,0,866.45
SHP-01431,20260716,VEND-004,RT-00589,10.35,558.6,0,782.11
SHP-01432,20260717,VEND-001,RT-00623,1.83,208.3,1,34.66
SHP-01433,20260717,VEND-008,RT-00945,7.6,55.1,0,17.83
SHP-01434,20260717,VEND-003,RT-01002,19.05,271.9,0,737.04
SHP-01435,20260717,VEND-011,RT-00752,14.87,321.3,0,189.34
SHP-01436,20260717,VEND-022,RT-01087,20.35,970.3,0,1625.67
SHP-01437,20260718,VEND-005,RT-01046,14.02,1102.8,2,2158.39
SHP-01438,20260718,VEND-001,RT-00291,21.5,516.8,0,1380.15
SHP-01439,20260718,VEND-003,RT-01172,20.11,515.8,0,958.35
SHP-01440,20260718,VEND-013,RT-00561,3.36,869.4,0,236.08
SHP-01441,20260718,VEND-007,RT-01007,24.45,771.0,0,1647.33
SHP-01442,20260718,VEND-013,RT-00512,1.35,261.8,0,57.23
SHP-01443,20260719,VEND-001,RT-01107,15.32,173.8,0,238.16
SHP-01444,20260719,VEND-009,RT-00463,20.02,553.3,0,1525.91
SHP-01445,20260719,VEND-011,RT-00174,8.97,699.6,1,224.23
SHP-01446,20260719,VEND-011,RT-00072,15.37,209.5,2,286.01
SHP-01447,20260719,VEND-014,RT-00830,9.69,387.3,2,558.46
SHP-01448,20260720,VEND-020,RT-00909,2.45,401.8,0,147.32
SHP-01449,20260720,VEND-012,RT-01048,1.2,350.5,0,16.95
SHP-01450,20260720,VEND-022,RT-00211,3.28,579.9,1,168.69
SHP-01451,20260721,VEND-014,RT-00015,3.36,801.0,0,398.38
SHP-01452,20260721,VEND-007,RT-00019,15.66,635.8,0,751.96
SHP-01453,20260721,VEND-006,RT-00057,13.62,281.7,0,534.07
SHP-01454,20260721,VEND-009,RT-00553,11.93,168.4,2,283.4
SHP-01455,20260721,VEND-015,RT-00818,17.61,995.2,0,2318.68
SHP-01456,20260721,VEND-007,RT-00771,1.4,601.2,0,82.46
SHP-01457,20260721,VEND-023,RT-00701,7.5,121.5,0,139.0
SHP-01458,20260722,VEND-012,RT-00842,19.66,346.8,0,236.2
SHP-01459,20260722,VEND-022,RT-00250,22.84,974.6,1,2985.63
SHP-01460,20260722,VEND-018,RT-00913,11.52,914.5,0,877.55
SHP-01461,20260722,VEND-009,RT-01068,2.96,1057.2,0,260.98
SHP-01462,20260722,VEND-006,RT-00741,20.17,742.4,1,1838.4
SHP-01463,20260722,VEND-019,RT-00063,22.24,536.3,0,1634.79
SHP-01464,20260723,VEND-009,RT-00578,10.93,540.6,0,808.25
SHP-01465,20260723,VEND-007,RT-00395,6.84,273.1,0,246.78
SHP-01466,20260723,VEND-024,RT-00958,2.06,798.4,0,142.65
SHP-01467,20260724,VEND-013,RT-00643,15.19,722.8,0,423.34
SHP-01468,20260724,VEND-002,RT-01284,22.84,228.1,0,735.24
SHP-01469,20260724,VEND-013,RT-01234,17.27,1068.5,0,658.23
SHP-01470,20260724,VEND-012,RT-00068,8.61,473.7,0,545.52
SHP-01471,20260724,VEND-022,RT-00768,16.43,107.2,0,239.04
SHP-01472,20260724,VEND-018,RT-01086,20.97,427.1,0,1201.94
SHP-01473,20260725,VEND-005,RT-00063,12.42,1050.3,0,1755.92
SHP-01474,20260725,VEND-004,RT-00087,20.67,1104.5,0,806.51
SHP-01475,20260725,VEND-016,RT-00023,10.41,614.0,0,834.56
SHP-01476,20260725,VEND-002,RT-00575,9.36,1149.8,0,390.78
SHP-01477,20260726,VEND-008,RT-00056,14.99,1056.5,0,2072.6
SHP-01478,20260726,VEND-004,RT-00173,12.15,999.0,0,474.25
SHP-01479,20260726,VEND-001,RT-00687,24.45,1038.7,0,3170.24
SHP-01480,20260726,VEND-023,RT-01329,13.39,489.2,0,883.87
SHP-01481,20260727,VEND-003,RT-00708,10.24,919.9,0,1259.52
SHP-01482,20260727,VEND-001,RT-00517,10.48,713.9,0,949.94
SHP-01483,20260727,VEND-024,RT-00504,14.15,877.6,0,1702.47
SHP-01484,20260727,VEND-005,RT-01288,9.52,254.5,0,342.92
SHP-01485,20260727,VEND-021,RT-00488,18.35,891.1,0,1350.6
SHP-01486,20260728,VEND-001,RT-00635,10.14,1151.2,0,1546.31
SHP-01487,20260728,VEND-004,RT-00916,10.22,398.1,0,149.24
SHP-01488,20260728,VEND-003,RT-00218,15.81,1184.1,0,677.26
SHP-01489,20260728,VEND-018,RT-00885,2.46,485.1,0,166.95
SHP-01490,20260729,VEND-016,RT-01256,16.73,279.7,0,187.98
SHP-01491,20260729,VEND-012,RT-00985,13.12,179.1,0,312.83
SHP-01492,20260729,VEND-007,RT-00007,11.87,952.7,0,464.2
SHP-01493,20260730,VEND-003,RT-00170,18.26,688.0,1,1103.36
SHP-01494,20260730,VEND-015,RT-00473,19.2,403.2,0,621.14
SHP-01495,20260731,VEND-006,RT-00315,21.31,749.7,0,1977.22
SHP-01496,20260731,VEND-015,RT-01116,10.0,431.9,0,159.43
SHP-01497,20260731,VEND-018,RT-01035,8.85,565.6,3,676.57
SHP-01498,20260731,VEND-022,RT-01055,18.14,1042.1,4,2644.18
SHP-01499,20260731,VEND-013,RT-00001,14.96,818.4,0,1697.68
SHP-01500,20260731,VEND-001,RT-00545,16.16,926.8,0,2031.48
